-- phpMyAdmin SQL Dump
-- version 5.0.4
-- https://www.phpmyadmin.net/
--
-- Host: 127.0.0.1
-- Generation Time: Apr 19, 2021 at 07:50 PM
-- Server version: 10.4.17-MariaDB
-- PHP Version: 7.3.26

SET SQL_MODE = "NO_AUTO_VALUE_ON_ZERO";
START TRANSACTION;
SET time_zone = "+00:00";


/*!40101 SET @OLD_CHARACTER_SET_CLIENT=@@CHARACTER_SET_CLIENT */;
/*!40101 SET @OLD_CHARACTER_SET_RESULTS=@@CHARACTER_SET_RESULTS */;
/*!40101 SET @OLD_COLLATION_CONNECTION=@@COLLATION_CONNECTION */;
/*!40101 SET NAMES utf8mb4 */;

--
-- Database: `accidentdetect`
--

-- --------------------------------------------------------

--
-- Table structure for table `accident`
--

CREATE TABLE `accident` (
  `id` bigint(20) NOT NULL,
  `created_date` datetime DEFAULT NULL,
  `lat` varchar(255) DEFAULT NULL,
  `lon` varchar(255) DEFAULT NULL,
  `processed` tinyint(1) NOT NULL DEFAULT 0,
  `hospital_id` bigint(20) DEFAULT NULL,
  `user_id` bigint(20) DEFAULT NULL
) ENGINE=InnoDB DEFAULT CHARSET=utf8mb4;

--
-- Dumping data for table `accident`
--

INSERT INTO `accident` (`id`, `created_date`, `lat`, `lon`, `processed`, `hospital_id`, `user_id`) VALUES
(1, '2021-02-01 02:45:12', '50.1262093', '8.6377916', 0, 1, 2),
(2, '2021-02-04 02:45:12', '50.1132', '8.6972', 1, 2, 1),
(1371, '2021-02-28 19:53:26', '50.13127432', '8.64490514', 0, 726, 34),
(1372, '2021-02-28 19:53:31', '50.13127432', '8.64490514', 0, 726, 34),
(1373, '2021-02-28 19:53:31', '50.13127432', '8.64490514', 0, 726, 34),
(1374, '2021-02-28 19:53:32', '50.13127432', '8.64490514', 0, 726, 34),
(1375, '2021-02-28 19:53:38', '50.13127432', '8.64490514', 0, 726, 34),
(1376, '2021-02-28 19:53:38', '50.13127432', '8.64490514', 0, 726, 34),
(1377, '2021-02-28 19:53:38', '50.13127432', '8.64490514', 0, 726, 34),
(1378, '2021-02-28 19:53:38', '50.13127432', '8.64490514', 0, 726, 34),
(1380, '2021-03-06 15:58:34', '0.0', '0.0', 1, 1379, 34),
(1381, '2021-03-06 15:58:36', '0.0', '0.0', 1, 1379, 34),
(1382, '2021-03-06 15:58:37', '0.0', '0.0', 1, 1379, 34),
(1386, '2021-03-06 15:59:09', '50.1183111', '8.65496636', 1, 1379, 34),
(1387, '2021-03-06 15:59:10', '50.1183111', '8.65496636', 1, 1379, 34),
(1390, '2021-03-06 15:59:26', '50.11815258', '8.65505482', 0, 1379, 34),
(1391, '2021-03-06 15:59:25', '50.11815258', '8.65505482', 0, 1379, 34),
(1392, '2021-03-06 15:59:25', '50.11815258', '8.65505482', 0, 1379, 34),
(1393, '2021-03-06 15:59:26', '50.11815258', '8.65505482', 0, 1379, 34),
(1394, '2021-03-06 15:59:25', '50.11815258', '8.65505482', 1, 1379, 34),
(1395, '2021-03-06 15:59:26', '50.11815258', '8.65505482', 0, 1379, 34),
(1404, '2021-03-06 15:59:30', '50.11837079', '8.65488874', 0, 1379, 34),
(1405, '2021-03-06 15:59:31', '50.11837079', '8.65488874', 0, 1379, 34),
(1406, '2021-03-06 15:59:30', '50.11837079', '8.65488874', 0, 1379, 34),
(1407, '2021-03-06 15:59:31', '50.11837079', '8.65488874', 0, 1379, 34),
(1408, '2021-03-06 15:59:30', '50.11837079', '8.65488874', 0, 1379, 34),
(1409, '2021-03-06 15:59:31', '50.11837079', '8.65488874', 0, 1379, 34),
(1410, '2021-03-06 15:59:34', '50.11837079', '8.65488874', 0, 1379, 34),
(1411, '2021-03-06 15:59:34', '50.11837079', '8.65488874', 0, 1379, 34),
(1412, '2021-03-06 15:59:34', '50.11837079', '8.65488874', 0, 1379, 34),
(1413, '2021-03-06 15:59:39', '50.11837079', '8.65488874', 0, 1379, 34),
(1414, '2021-03-06 15:59:39', '50.11837079', '8.65488874', 0, 1379, 34),
(1415, '2021-03-06 15:59:39', '50.11837079', '8.65488874', 0, 1379, 34),
(1451, '2021-03-06 16:03:26', '50.1185393', '8.65538078', 0, 1379, 34),
(1452, '2021-03-06 16:03:26', '50.1185393', '8.65538078', 0, 1379, 34),
(1455, '2021-03-06 16:03:32', '50.11861274', '8.65577947', 0, 1379, 34),
(1456, '2021-03-06 16:03:32', '50.11861274', '8.65577947', 0, 1379, 34),
(1457, '2021-03-06 16:03:32', '50.11861274', '8.65577947', 0, 1379, 34),
(1458, '2021-03-06 16:03:32', '50.11861274', '8.65577947', 1, 1379, 34),
(1459, '2021-03-06 16:03:32', '50.11861274', '8.65577947', 1, 1379, 34),
(1460, '2021-03-06 16:03:32', '50.11861274', '8.65577947', 0, 1379, 34),
(1461, '2021-03-06 16:03:32', '50.11861274', '8.65577947', 0, 1379, 34),
(2743, '2021-03-07 01:52:00', '50.11860693', '8.65585739', 0, 1379, 34),
(2747, '2021-03-07 01:52:42', '50.11828528', '8.65587357', 1, 1379, 34),
(2752, '2021-03-07 01:57:46', '50.11843097', '8.65584952', 1, 1379, 34),
(2755, '2021-03-07 02:05:52', '50.11843815', '8.65527879', 0, 1379, 34),
(2760, '2021-03-07 02:06:51', '50.11809417', '8.65570097', 0, 1379, 34),
(2769, '2021-03-07 02:07:52', '50.11810374', '8.65564544', 0, 1379, 34),
(2812, '2021-03-07 02:11:21', '50.11828786', '8.65566481', 0, 1379, 34),
(2933, '2021-03-07 02:19:08', '50.11833109', '8.65563158', 0, 1379, 34),
(2935, '2021-03-07 02:19:53', '50.1183272', '8.65563306', 0, 1379, 34),
(2947, '2021-03-07 02:29:35', '50.11828223', '8.65574856', 1, 1379, 34),
(2950, '2021-03-07 02:30:16', '50.11845519', '8.6556134', 0, 1379, 34),
(2957, '2021-03-07 02:31:03', '50.1183761', '8.65552231', 1, 1379, 34),
(2961, '2021-03-07 14:17:29', '50.11837659', '8.6555467', 1, 1379, 34),
(2965, '2021-03-07 14:18:17', '50.11840159', '8.65530269', 1, 1379, 34),
(2970, '2021-03-07 14:21:46', '50.11825343', '8.65574609', 1, 1379, 34),
(2973, '2021-03-07 14:22:37', '50.11847739', '8.65583605', 1, 1379, 34),
(2978, '2021-03-07 14:26:56', '50.11848369', '8.6558162', 1, 1379, 34),
(2982, '2021-03-07 14:27:45', '50.11836503', '8.65587216', 1, 1379, 34),
(2989, '2021-03-07 14:28:30', '50.11824206', '8.65584165', 1, 1379, 34),
(2993, '2021-03-07 14:34:21', '50.11826093', '8.65583985', 1, 1379, 34),
(2995, '2021-03-07 14:35:15', '50.11821166', '8.65508407', 1, 1379, 34),
(2998, '2021-03-07 14:36:21', '50.11821472', '8.6551341', 1, 1379, 34),
(3001, '2021-03-07 14:50:01', '50.11840374', '8.65556557', 1, 1379, 34),
(3004, '2021-03-07 15:08:09', '50.1183293', '8.65558108', 1, 1379, 34),
(3007, '2021-03-07 15:14:51', '50.11835931', '8.65557415', 1, 1379, 34),
(3010, '2021-03-07 15:21:35', '50.11910847', '8.6559388', 1, 1379, 34),
(3012, '2021-03-07 15:22:54', '50.11854282', '8.65568566', 1, 1379, 34),
(3014, '2021-03-07 21:09:32', '50.12932074', '8.64607953', 0, 726, 34),
(3015, '2021-03-07 21:10:17', '50.12932074', '8.64607953', 0, 726, 34),
(3018, '2021-03-07 21:11:02', '50.11839298', '8.65581313', 1, 1379, 34),
(3026, '2021-03-07 21:25:53', '50.11829852', '8.65588192', 0, 1379, 34),
(3036, '2021-03-07 21:27:10', '50.11847249', '8.6558037', 0, 1379, 34),
(3049, '2021-03-07 21:27:51', '50.1184275', '8.65575052', 0, 1379, 34),
(3055, '2021-03-14 16:13:30', '0.0', '0.0', 0, 726, 34),
(3056, '2021-03-20 17:26:47', '50.12920491', '8.64619939', 0, 726, 34),
(3057, '2021-03-20 17:38:05', '50.12920491', '8.64619939', 0, 726, 34),
(3060, '2021-03-20 18:05:50', '50.12920491', '8.64619939', 0, 726, 34),
(3061, '2021-03-20 18:06:11', '50.12920491', '8.64619939', 0, 726, 34),
(3062, '2021-03-20 18:10:16', '50.13070113', '8.64479607', 0, 726, 34),
(3063, '2021-03-20 18:12:40', '50.13070113', '8.64479607', 0, 726, 34),
(3064, '2021-03-20 18:12:50', '50.13070113', '8.64479607', 0, 726, 34),
(3065, '2021-03-20 19:42:06', '50.1308434', '8.6448791', 0, 726, 34),
(3066, '2021-03-20 19:45:10', '50.13038933', '8.64508292', 0, 726, 34),
(3067, '2021-03-20 19:51:13', '50.13043994', '8.6457635', 0, 726, 34),
(3068, '2021-03-20 19:52:34', '50.13062816', '8.64511211', 0, 726, 34),
(3069, '2021-03-20 19:58:11', '50.13034298', '8.64516092', 0, 726, 34),
(3070, '2021-03-20 20:05:05', '50.13055175', '8.64502687', 0, 726, 34),
(3071, '2021-03-20 20:08:11', '50.13071642', '8.64505894', 0, 726, 34),
(4453, '2021-03-20 22:43:37', '50.13097499', '8.64490156', 1, 726, 34),
(4664, '2021-03-20 22:50:57', '50.13100925', '8.64496533', 0, 726, 34),
(4918, '2021-03-20 22:57:07', '50.13097896', '8.64500518', 0, 726, 34),
(4940, '2021-03-20 22:57:30', '50.13096991', '8.64500423', 0, 726, 34),
(5186, '2021-03-20 23:02:47', '50.13096845', '8.64501497', 0, 726, 34),
(5440, '2021-03-27 15:34:29', '50.11863109', '8.65568226', 0, 1379, 34),
(5860, '2021-03-27 16:39:37', '50.11235364', '8.65489426', 0, 1379, 34),
(5994, '2021-03-27 16:47:46', '50.11839807', '8.65577675', 0, 1379, 34),
(6123, '2021-03-27 17:23:20', '50.11845089', '8.65559008', 0, 1379, 34),
(6171, '2021-03-27 17:29:01', '50.11844288', '8.6554881', 0, 1379, 34),
(6203, '2021-03-27 17:31:28', '50.11845268', '8.65550911', 0, 1379, 34),
(6214, '2021-03-27 17:32:09', '50.11845924', '8.65553175', 0, 1379, 34),
(6264, '2021-03-27 17:33:54', '50.1184489', '8.65554952', 0, 1379, 34),
(6435, '2021-03-27 17:39:34', '50.11840142', '8.65545264', 0, 1379, 34),
(6447, '2021-03-27 17:41:18', '50.1183615', '8.6554944', 0, 1379, 34),
(6455, '2021-03-27 17:42:20', '50.1182985', '8.65518273', 0, 1379, 34),
(6465, '2021-03-27 17:43:23', '50.11820751', '8.65535205', 0, 1379, 34),
(6475, '2021-03-27 17:44:31', '50.11820359', '8.65508788', 0, 1379, 34),
(6526, '2021-03-27 17:56:28', '50.11850265', '8.65580783', 0, 1379, 34),
(6618, '2021-03-27 21:07:52', '50.11849752', '8.65552628', 0, 1379, 34),
(6623, '2021-03-27 21:08:35', '50.11832159', '8.6555288', 0, 1379, 34),
(6632, '2021-03-27 21:08:58', '50.11846141', '8.65584448', 0, 1379, 34),
(6648, '2021-03-27 21:10:44', '50.11838503', '8.65561342', 0, 1379, 34),
(6653, '2021-03-27 21:11:14', '50.11838475', '8.65561515', 0, 1379, 34),
(6659, '2021-03-27 21:13:31', '50.11846838', '8.6558616', 0, 1379, 34),
(6666, '2021-03-27 21:14:02', '50.11835748', '8.65572444', 0, 1379, 34),
(6673, '2021-03-27 21:14:48', '50.11834555', '8.65563596', 0, 1379, 34),
(6683, '2021-03-27 21:17:06', '50.11845185', '8.65560319', 0, 1379, 34),
(6688, '2021-03-27 21:17:29', '50.1184009', '8.6556122', 0, 1379, 34),
(6692, '2021-03-27 21:17:50', '50.11840019', '8.65559868', 0, 1379, 34),
(6702, '2021-03-27 21:23:11', '50.11848355', '8.65580783', 0, 1379, 34),
(6714, '2021-03-27 21:24:41', '50.11849437', '8.65576862', 0, 1379, 34),
(6719, '2021-03-27 21:25:05', '50.11851965', '8.65578896', 0, 1379, 34),
(6723, '2021-03-27 21:25:26', '50.11850475', '8.65575975', 0, 1379, 34),
(6877, '2021-03-27 21:35:09', '50.11845915', '8.65572143', 0, 1379, 34),
(6885, '2021-03-27 21:36:30', '50.11845897', '8.65572814', 0, 1379, 34),
(6892, '2021-03-27 21:37:13', '50.11845797', '8.65573042', 0, 1379, 34),
(6902, '2021-03-27 21:38:11', '50.11829257', '8.65575422', 0, 1379, 34),
(6915, '2021-03-27 21:39:06', '50.11844968', '8.65584729', 0, 1379, 34),
(6985, '2021-03-27 22:24:37', '50.11831129', '8.65564941', 0, 1379, 34),
(6998, '2021-03-27 22:32:52', '50.11835824', '8.65578133', 0, 1379, 34),
(7005, '2021-03-27 22:33:36', '50.1182861', '8.65550023', 0, 1379, 34),
(7087, '2021-04-03 00:20:17', '50.1184068', '8.6555979', 0, 1379, 34),
(7122, '2021-04-03 00:25:01', '50.11839677', '8.65561225', 0, 1379, 34),
(7146, '2021-04-03 00:28:07', '50.11839507', '8.65561753', 0, 1379, 34),
(7158, '2021-04-03 00:30:27', '50.11839657', '8.65562263', 0, 1379, 34),
(7176, '2021-04-03 00:33:03', '50.11840572', '8.65563297', 1, 1379, 34),
(7430, '2021-04-07 17:17:48', '50.11839', '8.655621666666667', 0, 1379, 34);

-- --------------------------------------------------------

--
-- Table structure for table `hibernate_sequence`
--

CREATE TABLE `hibernate_sequence` (
  `next_val` bigint(20) DEFAULT NULL
) ENGINE=InnoDB DEFAULT CHARSET=utf8mb4;

--
-- Dumping data for table `hibernate_sequence`
--

INSERT INTO `hibernate_sequence` (`next_val`) VALUES
(7459);

-- --------------------------------------------------------

--
-- Table structure for table `hospital`
--

CREATE TABLE `hospital` (
  `id` bigint(20) NOT NULL,
  `lat` varchar(255) DEFAULT NULL,
  `lon` varchar(255) DEFAULT NULL,
  `name` varchar(255) DEFAULT NULL
) ENGINE=InnoDB DEFAULT CHARSET=utf8mb4;

--
-- Dumping data for table `hospital`
--

INSERT INTO `hospital` (`id`, `lat`, `lon`, `name`) VALUES
(1, '50.0951726', '8.6616969', 'University Hospital Frankfurt'),
(2, '50.1262093', '8.6377916', 'St. Elisabethen Hospital Frankfurt'),
(3, '50.1307604', '8.6867837', 'Bürger­hospital Frankfurt'),
(4, '50.106708', '8.6835566', 'Surgery Frankfurt - Sachsenhausen Hospital'),
(5, '50.0962365', '8.6614495', 'the University Hospital Frankfurt'),
(6, '50.1101183', '8.6929751', 'Hospital of the Holy Spirit'),
(7, '50.1198346', '8.6881764', 'Maingau Hospital of the Red Cross'),
(8, '50.1170753', '8.697956999999999', 'Frankfurter Rotkreuz-Kliniken e.V - Klinik Rotes Kreuz'),
(9, '50.1356289', '8.6473494', 'AGAPLESION MARKUS KRANKENHAUS'),
(10, '50.0962365', '8.6614495', 'Hospital of the Johann Wolfgang Goethe University'),
(11, '50.09429480000001', '8.6641525', 'KLINIK FÜR FRAUENHEILKUNDE UND GEBURTSHILFE Universitätsklinikum Frankfurt'),
(12, '50.114494', '8.6982231', 'Clementine Kinderhospital'),
(13, '50.1506171', '8.617985899999999', 'Hospital Northwest'),
(14, '50.1292223', '8.7063393', 'AGAPLESION BETHANIEN HOSPITAL'),
(15, '50.0962538', '8.6613513', 'Universitätsklinikum Frankfurt, Notfall-Ambulanz'),
(16, '50.1307293', '8.6867725', 'Gastroenterologie am Bürgerhospital Frankfurt'),
(17, '50.12002829999999', '8.687404299999999', 'Klinik Maingau vom Roten Kreuz Abteilung für Hals-, Nasen-, Ohrenheilkunde'),
(18, '50.1361103', '8.7106798', 'St. Catherine Hospital'),
(19, '50.1169564', '8.6862668', 'Frankfurt am Main'),
(20, '50.1307293', '8.6867725', 'Frauenklinik Bürgerhospital Frankfurt'),
(726, '50.1262093', '8.6377916', 'St. Elisabethen-Krankenhaus | Frankfurt'),
(1379, '50.115719', '8.668682800000001', 'International Diagnostic and Treatment Day Clinic GmbH');

-- --------------------------------------------------------

--
-- Table structure for table `hospital_user`
--

CREATE TABLE `hospital_user` (
  `id` bigint(20) NOT NULL,
  `email` varchar(45) NOT NULL,
  `hospitalname` varchar(60) NOT NULL,
  `password` varchar(64) NOT NULL
) ENGINE=InnoDB DEFAULT CHARSET=utf8mb4;

--
-- Dumping data for table `hospital_user`
--

INSERT INTO `hospital_user` (`id`, `email`, `hospitalname`, `password`) VALUES
(22, 'test1@gmail.com', 'University Hospital Frankfurt', '$2a$10$iSQzN6vc39L8UPTqWvE.EueJCZNkI1lbFw4vZw/2d5Fs.LHQqL0re'),
(33, 'limon1036@gmail.com', 'Bürger­hospital Frankfurt', '$2a$10$rRKfpiwuBhBJIPWmuNImoeLF9LQcbiGgAGcr/dIhfvPEsePuREmDm'),
(34, 'ginheim@gmail.com', 'St. Elisabethen-Krankenhaus | Frankfurt', '$2a$10$iSQzN6vc39L8UPTqWvE.EueJCZNkI1lbFw4vZw/2d5Fs.LHQqL0re'),
(3023, 'sehrish@gmail.com', 'International Diagnostic and Treatment Day Clinic GmbH', '$2a$10$uQhClUb.kWUXou6oX/AAIOPJBzct.dHInr9FumwslNPvpg6oVLQ66');

-- --------------------------------------------------------

--
-- Table structure for table `location`
--

CREATE TABLE `location` (
  `id` bigint(20) NOT NULL,
  `created_date` datetime DEFAULT NULL,
  `lat` varchar(255) DEFAULT NULL,
  `lon` varchar(255) DEFAULT NULL,
  `user_id` bigint(20) NOT NULL
) ENGINE=InnoDB DEFAULT CHARSET=utf8mb4;

--
-- Dumping data for table `location`
--

INSERT INTO `location` (`id`, `created_date`, `lat`, `lon`, `user_id`) VALUES
(6084, '2021-03-27 17:14:12', '50.11845827', '8.65565253', 34),
(6085, '2021-03-27 17:14:27', '50.11843416', '8.65564441', 34),
(6086, '2021-03-27 17:14:42', '50.11845186', '8.65564848', 34),
(6087, '2021-03-27 17:14:52', '50.117365', '8.655622', 1),
(6088, '2021-03-27 17:14:57', '50.11846166', '8.65566069', 34),
(6089, '2021-03-27 17:15:12', '50.11846985', '8.65567752', 34),
(6090, '2021-03-27 17:15:27', '50.11846027', '8.65567116', 34),
(6091, '2021-03-27 17:15:42', '50.11846147', '8.65568758', 34),
(6092, '2021-03-27 17:15:57', '50.1184676', '8.65568561', 34),
(6093, '2021-03-27 17:16:12', '50.11847315', '8.65569287', 34),
(6094, '2021-03-27 17:16:27', '50.11846292', '8.65569879', 34),
(6095, '2021-03-27 17:16:42', '50.11846002', '8.65568794', 34),
(6096, '2021-03-27 17:16:57', '50.11845036', '8.65567973', 34),
(6097, '2021-03-27 17:17:12', '50.11844126', '8.65566895', 34),
(6098, '2021-03-27 17:17:27', '50.11843514', '8.65566534', 34),
(6099, '2021-03-27 17:17:42', '50.11843687', '8.65565908', 34),
(6100, '2021-03-27 17:17:57', '50.11843886', '8.65565764', 34),
(6101, '2021-03-27 17:18:12', '50.11843913', '8.65566324', 34),
(6102, '2021-03-27 17:18:27', '50.11843921', '8.65566567', 34),
(6103, '2021-03-27 17:18:42', '50.11844107', '8.65566266', 34),
(6104, '2021-03-27 17:18:58', '50.1184445', '8.65565244', 34),
(6105, '2021-03-27 17:19:13', '50.11844972', '8.65565006', 34),
(6106, '2021-03-27 17:19:27', '50.11845208', '8.6556459', 34),
(6107, '2021-03-27 17:19:42', '50.11845143', '8.65563966', 34),
(6108, '2021-03-27 17:19:57', '50.11845066', '8.65563273', 34),
(6109, '2021-03-27 17:20:12', '50.1184515', '8.65562537', 34),
(6110, '2021-03-27 17:20:27', '50.11844872', '8.65561513', 34),
(6111, '2021-03-27 17:20:41', '50.117365', '8.655622', 2),
(6112, '2021-03-27 17:20:42', '50.1184495', '8.6556127', 34),
(6113, '2021-03-27 17:20:57', '50.11845492', '8.65560988', 34),
(6114, '2021-03-27 17:21:13', '50.11845699', '8.65560519', 34),
(6115, '2021-03-27 17:21:27', '50.1184539', '8.65560123', 34),
(6116, '2021-03-27 17:21:43', '50.118454', '8.65560506', 34),
(6117, '2021-03-27 17:21:58', '50.11845168', '8.65560055', 34),
(6118, '2021-03-27 17:22:13', '50.11845008', '8.65559957', 34),
(6119, '2021-03-27 17:22:28', '50.11845031', '8.65559616', 34),
(6120, '2021-03-27 17:22:43', '50.11844845', '8.65559097', 34),
(6121, '2021-03-27 17:22:57', '50.1184455', '8.65558803', 34),
(6122, '2021-03-27 17:23:12', '50.11845089', '8.65559008', 34),
(6124, '2021-03-27 17:23:28', '50.11845067', '8.65559268', 34),
(6125, '2021-03-27 17:23:28', '50.11845067', '8.65559268', 34),
(6126, '2021-03-27 17:23:42', '50.11845132', '8.65559423', 34),
(6127, '2021-03-27 17:23:42', '50.11845132', '8.65559423', 34),
(6128, '2021-03-27 17:23:58', '50.11845278', '8.65558874', 34),
(6129, '2021-03-27 17:23:58', '50.11845278', '8.65558874', 34),
(6130, '2021-03-27 17:24:12', '50.11845165', '8.65558603', 34),
(6131, '2021-03-27 17:24:12', '50.11845165', '8.65558603', 34),
(6132, '2021-03-27 17:24:27', '50.11844915', '8.65558442', 34),
(6133, '2021-03-27 17:24:27', '50.11844915', '8.65558442', 34),
(6134, '2021-03-27 17:24:42', '50.11844667', '8.65558277', 34),
(6135, '2021-03-27 17:24:42', '50.11844667', '8.65558277', 34),
(6136, '2021-03-27 17:24:57', '50.11844491', '8.65558557', 34),
(6137, '2021-03-27 17:24:57', '50.11844491', '8.65558557', 34),
(6138, '2021-03-27 17:25:12', '50.11844453', '8.65558732', 34),
(6139, '2021-03-27 17:25:12', '50.11844453', '8.65558732', 34),
(6140, '2021-03-27 17:25:27', '50.11844201', '8.65558594', 34),
(6141, '2021-03-27 17:25:27', '50.11844201', '8.65558594', 34),
(6142, '2021-03-27 17:25:42', '50.11843866', '8.65558242', 34),
(6143, '2021-03-27 17:25:42', '50.11843866', '8.65558242', 34),
(6144, '2021-03-27 17:25:57', '50.11832153', '8.65543941', 34),
(6145, '2021-03-27 17:25:57', '50.11832153', '8.65543941', 34),
(6146, '2021-03-27 17:26:12', '50.11833244', '8.65540489', 34),
(6147, '2021-03-27 17:26:12', '50.11833244', '8.65540489', 34),
(6148, '2021-03-27 17:26:27', '50.11843158', '8.65557362', 34),
(6149, '2021-03-27 17:26:27', '50.11843158', '8.65557362', 34),
(6150, '2021-03-27 17:26:42', '50.11843017', '8.65558859', 34),
(6151, '2021-03-27 17:26:42', '50.11843017', '8.65558859', 34),
(6152, '2021-03-27 17:26:57', '50.11841095', '8.65554357', 34),
(6153, '2021-03-27 17:26:57', '50.11841095', '8.65554357', 34),
(6154, '2021-03-27 17:27:13', '50.11842232', '8.6555252', 34),
(6155, '2021-03-27 17:27:13', '50.11842232', '8.6555252', 34),
(6156, '2021-03-27 17:27:27', '50.11842667', '8.65550059', 34),
(6157, '2021-03-27 17:27:27', '50.11842667', '8.65550059', 34),
(6158, '2021-03-27 17:27:42', '50.11842537', '8.65547534', 34),
(6159, '2021-03-27 17:27:42', '50.11842537', '8.65547534', 34),
(6160, '2021-03-27 17:27:57', '50.11844126', '8.65546898', 34),
(6161, '2021-03-27 17:27:57', '50.11844126', '8.65546898', 34),
(6162, '2021-03-27 17:28:09', '37.421998333333335', '-122.084', 1),
(6163, '2021-03-27 17:28:12', '50.11844165', '8.65546921', 34),
(6164, '2021-03-27 17:28:12', '50.11844165', '8.65546921', 34),
(6165, '2021-03-27 17:28:27', '50.11843782', '8.65547003', 34),
(6166, '2021-03-27 17:28:27', '50.11843782', '8.65547003', 34),
(6167, '2021-03-27 17:28:43', '50.11843787', '8.6554803', 34),
(6168, '2021-03-27 17:28:43', '50.11843787', '8.6554803', 34),
(6169, '2021-03-27 17:28:57', '50.11844288', '8.6554881', 34),
(6170, '2021-03-27 17:28:57', '50.11844288', '8.6554881', 34),
(6172, '2021-03-27 17:29:12', '50.1184446', '8.65549582', 34),
(6173, '2021-03-27 17:29:12', '50.1184446', '8.65549582', 34),
(6174, '2021-03-27 17:29:12', '50.1184446', '8.65549582', 34),
(6175, '2021-03-27 17:29:28', '50.11844633', '8.65549275', 34),
(6176, '2021-03-27 17:29:28', '50.11844633', '8.65549275', 34),
(6177, '2021-03-27 17:29:28', '50.11844633', '8.65549275', 34),
(6178, '2021-03-27 17:29:42', '50.11844381', '8.65549265', 34),
(6179, '2021-03-27 17:29:42', '50.11844381', '8.65549265', 34),
(6180, '2021-03-27 17:29:42', '50.11844381', '8.65549265', 34),
(6181, '2021-03-27 17:29:59', '50.11845304', '8.65550508', 34),
(6182, '2021-03-27 17:29:59', '50.11845304', '8.65550508', 34),
(6183, '2021-03-27 17:29:59', '50.11845304', '8.65550508', 34),
(6184, '2021-03-27 17:30:12', '50.1184625', '8.65550603', 34),
(6185, '2021-03-27 17:30:12', '50.1184625', '8.65550603', 34),
(6186, '2021-03-27 17:30:12', '50.1184625', '8.65550603', 34),
(6187, '2021-03-27 17:30:28', '50.11846363', '8.65550601', 34),
(6188, '2021-03-27 17:30:28', '50.11846363', '8.65550601', 34),
(6189, '2021-03-27 17:30:28', '50.11846363', '8.65550601', 34),
(6190, '2021-03-27 17:30:43', '50.11846069', '8.65550269', 34),
(6191, '2021-03-27 17:30:43', '50.11846069', '8.65550269', 34),
(6192, '2021-03-27 17:30:43', '50.11846069', '8.65550269', 34),
(6193, '2021-03-27 17:30:58', '50.11845887', '8.65550209', 34),
(6194, '2021-03-27 17:30:58', '50.11845887', '8.65550209', 34),
(6195, '2021-03-27 17:30:58', '50.11845887', '8.65550209', 34),
(6196, '2021-03-27 17:31:12', '50.1184536', '8.65550163', 34),
(6197, '2021-03-27 17:31:12', '50.1184536', '8.65550163', 34),
(6198, '2021-03-27 17:31:12', '50.1184536', '8.65550163', 34),
(6199, '2021-03-27 17:31:27', '50.11845268', '8.65550911', 34),
(6200, '2021-03-27 17:31:27', '50.11845268', '8.65550911', 34),
(6201, '2021-03-27 17:31:27', '50.11845268', '8.65550911', 34),
(6202, '2021-03-27 17:31:27', '50.11845268', '8.65550911', 34),
(6204, '2021-03-27 17:31:42', '50.11845544', '8.65552109', 34),
(6205, '2021-03-27 17:31:42', '50.11845544', '8.65552109', 34),
(6206, '2021-03-27 17:31:42', '50.11845544', '8.65552109', 34),
(6207, '2021-03-27 17:31:42', '50.11845544', '8.65552109', 34),
(6208, '2021-03-27 17:31:42', '50.11845544', '8.65552109', 34),
(6209, '2021-03-27 17:31:57', '50.11845924', '8.65553175', 34),
(6210, '2021-03-27 17:31:57', '50.11845924', '8.65553175', 34),
(6211, '2021-03-27 17:31:57', '50.11845924', '8.65553175', 34),
(6212, '2021-03-27 17:31:57', '50.11845924', '8.65553175', 34),
(6213, '2021-03-27 17:31:57', '50.11845924', '8.65553175', 34),
(6215, '2021-03-27 17:32:12', '50.11845987', '8.65553132', 34),
(6216, '2021-03-27 17:32:12', '50.11845987', '8.65553132', 34),
(6217, '2021-03-27 17:32:12', '50.11845987', '8.65553132', 34),
(6218, '2021-03-27 17:32:12', '50.11845987', '8.65553132', 34),
(6219, '2021-03-27 17:32:12', '50.11845987', '8.65553132', 34),
(6220, '2021-03-27 17:32:12', '50.11845987', '8.65553132', 34),
(6221, '2021-03-27 17:32:12', '50.11845987', '8.65553132', 34),
(6222, '2021-03-27 17:32:27', '50.11845924', '8.65553623', 34),
(6223, '2021-03-27 17:32:27', '50.11845924', '8.65553623', 34),
(6224, '2021-03-27 17:32:27', '50.11845924', '8.65553623', 34),
(6225, '2021-03-27 17:32:27', '50.11845924', '8.65553623', 34),
(6226, '2021-03-27 17:32:27', '50.11845924', '8.65553623', 34),
(6227, '2021-03-27 17:32:27', '50.11845924', '8.65553623', 34),
(6228, '2021-03-27 17:32:27', '50.11845924', '8.65553623', 34),
(6229, '2021-03-27 17:32:42', '50.11845781', '8.65554365', 34),
(6230, '2021-03-27 17:32:42', '50.11845781', '8.65554365', 34),
(6231, '2021-03-27 17:32:42', '50.11845781', '8.65554365', 34),
(6232, '2021-03-27 17:32:42', '50.11845781', '8.65554365', 34),
(6233, '2021-03-27 17:32:42', '50.11845781', '8.65554365', 34),
(6234, '2021-03-27 17:32:42', '50.11845781', '8.65554365', 34),
(6235, '2021-03-27 17:32:42', '50.11845781', '8.65554365', 34),
(6236, '2021-03-27 17:32:57', '50.11845419', '8.65554332', 34),
(6237, '2021-03-27 17:32:57', '50.11845419', '8.65554332', 34),
(6238, '2021-03-27 17:32:57', '50.11845419', '8.65554332', 34),
(6239, '2021-03-27 17:32:57', '50.11845419', '8.65554332', 34),
(6240, '2021-03-27 17:32:57', '50.11845419', '8.65554332', 34),
(6241, '2021-03-27 17:32:57', '50.11845419', '8.65554332', 34),
(6242, '2021-03-27 17:32:57', '50.11845419', '8.65554332', 34),
(6243, '2021-03-27 17:33:12', '50.11845683', '8.65555029', 34),
(6244, '2021-03-27 17:33:12', '50.11845683', '8.65555029', 34),
(6245, '2021-03-27 17:33:12', '50.11845683', '8.65555029', 34),
(6246, '2021-03-27 17:33:12', '50.11845683', '8.65555029', 34),
(6247, '2021-03-27 17:33:12', '50.11845683', '8.65555029', 34),
(6248, '2021-03-27 17:33:12', '50.11845683', '8.65555029', 34),
(6249, '2021-03-27 17:33:12', '50.11845683', '8.65555029', 34),
(6250, '2021-03-27 17:33:27', '50.11845118', '8.65555325', 34),
(6251, '2021-03-27 17:33:27', '50.11845118', '8.65555325', 34),
(6252, '2021-03-27 17:33:27', '50.11845118', '8.65555325', 34),
(6253, '2021-03-27 17:33:27', '50.11845118', '8.65555325', 34),
(6254, '2021-03-27 17:33:27', '50.11845118', '8.65555325', 34),
(6255, '2021-03-27 17:33:27', '50.11845118', '8.65555325', 34),
(6256, '2021-03-27 17:33:27', '50.11845118', '8.65555325', 34),
(6257, '2021-03-27 17:33:42', '50.1184489', '8.65554952', 34),
(6258, '2021-03-27 17:33:42', '50.1184489', '8.65554952', 34),
(6259, '2021-03-27 17:33:42', '50.1184489', '8.65554952', 34),
(6260, '2021-03-27 17:33:42', '50.1184489', '8.65554952', 34),
(6261, '2021-03-27 17:33:42', '50.1184489', '8.65554952', 34),
(6262, '2021-03-27 17:33:42', '50.1184489', '8.65554952', 34),
(6263, '2021-03-27 17:33:42', '50.1184489', '8.65554952', 34),
(6265, '2021-03-27 17:33:57', '50.11846478', '8.65551346', 34),
(6266, '2021-03-27 17:33:57', '50.11846478', '8.65551346', 34),
(6267, '2021-03-27 17:33:57', '50.11846478', '8.65551346', 34),
(6268, '2021-03-27 17:33:57', '50.11846478', '8.65551346', 34),
(6269, '2021-03-27 17:33:57', '50.11846478', '8.65551346', 34),
(6270, '2021-03-27 17:33:57', '50.11846478', '8.65551346', 34),
(6271, '2021-03-27 17:33:57', '50.11846478', '8.65551346', 34),
(6272, '2021-03-27 17:33:57', '50.11846478', '8.65551346', 34),
(6273, '2021-03-27 17:34:12', '50.11839683', '8.65547575', 34),
(6274, '2021-03-27 17:34:12', '50.11839683', '8.65547575', 34),
(6275, '2021-03-27 17:34:12', '50.11839683', '8.65547575', 34),
(6276, '2021-03-27 17:34:12', '50.11839683', '8.65547575', 34),
(6277, '2021-03-27 17:34:12', '50.11839683', '8.65547575', 34),
(6278, '2021-03-27 17:34:12', '50.11839683', '8.65547575', 34),
(6279, '2021-03-27 17:34:12', '50.11839683', '8.65547575', 34),
(6280, '2021-03-27 17:34:12', '50.11839683', '8.65547575', 34),
(6281, '2021-03-27 17:34:27', '50.11836369', '8.65538759', 34),
(6282, '2021-03-27 17:34:27', '50.11836369', '8.65538759', 34),
(6283, '2021-03-27 17:34:27', '50.11836369', '8.65538759', 34),
(6284, '2021-03-27 17:34:27', '50.11836369', '8.65538759', 34),
(6285, '2021-03-27 17:34:27', '50.11836369', '8.65538759', 34),
(6286, '2021-03-27 17:34:27', '50.11836369', '8.65538759', 34),
(6287, '2021-03-27 17:34:27', '50.11836369', '8.65538759', 34),
(6288, '2021-03-27 17:34:27', '50.11836369', '8.65538759', 34),
(6289, '2021-03-27 17:34:42', '50.11826793', '8.65536474', 34),
(6290, '2021-03-27 17:34:42', '50.11826793', '8.65536474', 34),
(6291, '2021-03-27 17:34:42', '50.11826793', '8.65536474', 34),
(6292, '2021-03-27 17:34:42', '50.11826793', '8.65536474', 34),
(6293, '2021-03-27 17:34:42', '50.11826793', '8.65536474', 34),
(6294, '2021-03-27 17:34:42', '50.11826793', '8.65536474', 34),
(6295, '2021-03-27 17:34:42', '50.11826793', '8.65536474', 34),
(6296, '2021-03-27 17:34:42', '50.11826793', '8.65536474', 34),
(6297, '2021-03-27 17:34:57', '50.11826557', '8.65534261', 34),
(6298, '2021-03-27 17:34:57', '50.11826557', '8.65534261', 34),
(6299, '2021-03-27 17:34:57', '50.11826557', '8.65534261', 34),
(6300, '2021-03-27 17:34:57', '50.11826557', '8.65534261', 34),
(6301, '2021-03-27 17:34:57', '50.11826557', '8.65534261', 34),
(6302, '2021-03-27 17:34:57', '50.11826557', '8.65534261', 34),
(6303, '2021-03-27 17:34:57', '50.11826557', '8.65534261', 34),
(6304, '2021-03-27 17:34:57', '50.11826557', '8.65534261', 34),
(6305, '2021-03-27 17:35:12', '50.11831473', '8.65538345', 34),
(6306, '2021-03-27 17:35:12', '50.11831473', '8.65538345', 34),
(6307, '2021-03-27 17:35:12', '50.11831473', '8.65538345', 34),
(6308, '2021-03-27 17:35:12', '50.11831473', '8.65538345', 34),
(6309, '2021-03-27 17:35:12', '50.11831473', '8.65538345', 34),
(6310, '2021-03-27 17:35:12', '50.11831473', '8.65538345', 34),
(6311, '2021-03-27 17:35:12', '50.11831473', '8.65538345', 34),
(6312, '2021-03-27 17:35:12', '50.11831473', '8.65538345', 34),
(6313, '2021-03-27 17:35:27', '50.11835931', '8.65549698', 34),
(6314, '2021-03-27 17:35:27', '50.11835931', '8.65549698', 34),
(6315, '2021-03-27 17:35:27', '50.11835931', '8.65549698', 34),
(6316, '2021-03-27 17:35:27', '50.11835931', '8.65549698', 34),
(6317, '2021-03-27 17:35:27', '50.11835931', '8.65549698', 34),
(6318, '2021-03-27 17:35:27', '50.11835931', '8.65549698', 34),
(6319, '2021-03-27 17:35:27', '50.11835931', '8.65549698', 34),
(6320, '2021-03-27 17:35:27', '50.11835931', '8.65549698', 34),
(6321, '2021-03-27 17:35:42', '50.11838411', '8.65554741', 34),
(6322, '2021-03-27 17:35:42', '50.11838411', '8.65554741', 34),
(6323, '2021-03-27 17:35:42', '50.11838411', '8.65554741', 34),
(6324, '2021-03-27 17:35:42', '50.11838411', '8.65554741', 34),
(6325, '2021-03-27 17:35:42', '50.11838411', '8.65554741', 34),
(6326, '2021-03-27 17:35:42', '50.11838411', '8.65554741', 34),
(6327, '2021-03-27 17:35:42', '50.11838411', '8.65554741', 34),
(6328, '2021-03-27 17:35:42', '50.11838411', '8.65554741', 34),
(6329, '2021-03-27 17:35:57', '50.118392', '8.65556551', 34),
(6330, '2021-03-27 17:35:57', '50.118392', '8.65556551', 34),
(6331, '2021-03-27 17:35:57', '50.118392', '8.65556551', 34),
(6332, '2021-03-27 17:35:57', '50.118392', '8.65556551', 34),
(6333, '2021-03-27 17:35:57', '50.118392', '8.65556551', 34),
(6334, '2021-03-27 17:35:57', '50.118392', '8.65556551', 34),
(6335, '2021-03-27 17:35:57', '50.118392', '8.65556551', 34),
(6336, '2021-03-27 17:35:57', '50.118392', '8.65556551', 34),
(6337, '2021-03-27 17:36:12', '50.11845648', '8.65556859', 34),
(6338, '2021-03-27 17:36:12', '50.11845648', '8.65556859', 34),
(6339, '2021-03-27 17:36:12', '50.11845648', '8.65556859', 34),
(6340, '2021-03-27 17:36:12', '50.11845648', '8.65556859', 34),
(6341, '2021-03-27 17:36:12', '50.11845648', '8.65556859', 34),
(6342, '2021-03-27 17:36:12', '50.11845648', '8.65556859', 34),
(6343, '2021-03-27 17:36:12', '50.11845648', '8.65556859', 34),
(6344, '2021-03-27 17:36:12', '50.11845648', '8.65556859', 34),
(6345, '2021-03-27 17:36:27', '50.11853855', '8.65557334', 34),
(6346, '2021-03-27 17:36:27', '50.11853855', '8.65557334', 34),
(6347, '2021-03-27 17:36:27', '50.11853855', '8.65557334', 34),
(6348, '2021-03-27 17:36:27', '50.11853855', '8.65557334', 34),
(6349, '2021-03-27 17:36:27', '50.11853855', '8.65557334', 34),
(6350, '2021-03-27 17:36:27', '50.11853855', '8.65557334', 34),
(6351, '2021-03-27 17:36:27', '50.11853855', '8.65557334', 34),
(6352, '2021-03-27 17:36:27', '50.11853855', '8.65557334', 34),
(6353, '2021-03-27 17:36:42', '50.11834405', '8.65553459', 34),
(6354, '2021-03-27 17:36:42', '50.11834405', '8.65553459', 34),
(6355, '2021-03-27 17:36:42', '50.11834405', '8.65553459', 34),
(6356, '2021-03-27 17:36:42', '50.11834405', '8.65553459', 34),
(6357, '2021-03-27 17:36:42', '50.11834405', '8.65553459', 34),
(6358, '2021-03-27 17:36:42', '50.11834405', '8.65553459', 34),
(6359, '2021-03-27 17:36:42', '50.11834405', '8.65553459', 34),
(6360, '2021-03-27 17:36:42', '50.11834405', '8.65553459', 34),
(6361, '2021-03-27 17:36:57', '50.11837469', '8.65554693', 34),
(6362, '2021-03-27 17:36:57', '50.11837469', '8.65554693', 34),
(6363, '2021-03-27 17:36:57', '50.11837469', '8.65554693', 34),
(6364, '2021-03-27 17:36:57', '50.11837469', '8.65554693', 34),
(6365, '2021-03-27 17:36:57', '50.11837469', '8.65554693', 34),
(6366, '2021-03-27 17:36:57', '50.11837469', '8.65554693', 34),
(6367, '2021-03-27 17:36:57', '50.11837469', '8.65554693', 34),
(6368, '2021-03-27 17:36:57', '50.11837469', '8.65554693', 34),
(6369, '2021-03-27 17:37:12', '50.1183826', '8.65556301', 34),
(6370, '2021-03-27 17:37:12', '50.1183826', '8.65556301', 34),
(6371, '2021-03-27 17:37:12', '50.1183826', '8.65556301', 34),
(6372, '2021-03-27 17:37:12', '50.1183826', '8.65556301', 34),
(6373, '2021-03-27 17:37:12', '50.1183826', '8.65556301', 34),
(6374, '2021-03-27 17:37:12', '50.1183826', '8.65556301', 34),
(6375, '2021-03-27 17:37:12', '50.1183826', '8.65556301', 34),
(6376, '2021-03-27 17:37:12', '50.1183826', '8.65556301', 34),
(6377, '2021-03-27 17:37:27', '50.11838183', '8.65556175', 34),
(6378, '2021-03-27 17:37:27', '50.11838183', '8.65556175', 34),
(6379, '2021-03-27 17:37:27', '50.11838183', '8.65556175', 34),
(6380, '2021-03-27 17:37:27', '50.11838183', '8.65556175', 34),
(6381, '2021-03-27 17:37:27', '50.11838183', '8.65556175', 34),
(6382, '2021-03-27 17:37:27', '50.11838183', '8.65556175', 34),
(6383, '2021-03-27 17:37:27', '50.11838183', '8.65556175', 34),
(6384, '2021-03-27 17:37:27', '50.11838183', '8.65556175', 34),
(6385, '2021-03-27 17:37:42', '50.11838012', '8.65556714', 34),
(6386, '2021-03-27 17:37:42', '50.11838012', '8.65556714', 34),
(6387, '2021-03-27 17:37:42', '50.11838012', '8.65556714', 34),
(6388, '2021-03-27 17:37:42', '50.11838012', '8.65556714', 34),
(6389, '2021-03-27 17:37:42', '50.11838012', '8.65556714', 34),
(6390, '2021-03-27 17:37:42', '50.11838012', '8.65556714', 34),
(6391, '2021-03-27 17:37:42', '50.11838012', '8.65556714', 34),
(6392, '2021-03-27 17:37:42', '50.11838012', '8.65556714', 34),
(6393, '2021-03-27 17:37:57', '50.1183659', '8.65560034', 34),
(6394, '2021-03-27 17:37:57', '50.1183659', '8.65560034', 34),
(6395, '2021-03-27 17:37:57', '50.1183659', '8.65560034', 34),
(6396, '2021-03-27 17:37:57', '50.1183659', '8.65560034', 34),
(6397, '2021-03-27 17:37:57', '50.1183659', '8.65560034', 34),
(6398, '2021-03-27 17:37:57', '50.1183659', '8.65560034', 34),
(6399, '2021-03-27 17:37:57', '50.1183659', '8.65560034', 34),
(6400, '2021-03-27 17:37:57', '50.1183659', '8.65560034', 34),
(6401, '2021-03-27 17:38:12', '50.11837566', '8.65559203', 34),
(6402, '2021-03-27 17:38:12', '50.11837566', '8.65559203', 34),
(6403, '2021-03-27 17:38:12', '50.11837566', '8.65559203', 34),
(6404, '2021-03-27 17:38:12', '50.11837566', '8.65559203', 34),
(6405, '2021-03-27 17:38:12', '50.11837566', '8.65559203', 34),
(6406, '2021-03-27 17:38:12', '50.11837566', '8.65559203', 34),
(6407, '2021-03-27 17:38:12', '50.11837566', '8.65559203', 34),
(6408, '2021-03-27 17:38:12', '50.11837566', '8.65559203', 34),
(6409, '2021-03-27 17:38:27', '50.1183957', '8.65557228', 34),
(6410, '2021-03-27 17:38:27', '50.1183957', '8.65557228', 34),
(6411, '2021-03-27 17:38:27', '50.1183957', '8.65557228', 34),
(6412, '2021-03-27 17:38:27', '50.1183957', '8.65557228', 34),
(6413, '2021-03-27 17:38:27', '50.1183957', '8.65557228', 34),
(6414, '2021-03-27 17:38:27', '50.1183957', '8.65557228', 34),
(6415, '2021-03-27 17:38:27', '50.1183957', '8.65557228', 34),
(6416, '2021-03-27 17:38:27', '50.1183957', '8.65557228', 34),
(6417, '2021-03-27 17:38:42', '50.11839695', '8.65554889', 34),
(6418, '2021-03-27 17:38:42', '50.11839695', '8.65554889', 34),
(6419, '2021-03-27 17:38:42', '50.11839695', '8.65554889', 34),
(6420, '2021-03-27 17:38:42', '50.11839695', '8.65554889', 34),
(6421, '2021-03-27 17:38:42', '50.11839695', '8.65554889', 34),
(6422, '2021-03-27 17:38:42', '50.11839695', '8.65554889', 34),
(6423, '2021-03-27 17:38:42', '50.11839695', '8.65554889', 34),
(6424, '2021-03-27 17:38:42', '50.11839695', '8.65554889', 34),
(6425, '2021-03-27 17:38:57', '50.11844059', '8.65550844', 34),
(6426, '2021-03-27 17:38:57', '50.11844059', '8.65550844', 34),
(6427, '2021-03-27 17:38:57', '50.11844059', '8.65550844', 34),
(6428, '2021-03-27 17:38:57', '50.11844059', '8.65550844', 34),
(6429, '2021-03-27 17:38:57', '50.11844059', '8.65550844', 34),
(6430, '2021-03-27 17:38:57', '50.11844059', '8.65550844', 34),
(6431, '2021-03-27 17:38:57', '50.11844059', '8.65550844', 34),
(6432, '2021-03-27 17:38:57', '50.11844059', '8.65550844', 34),
(6433, '2021-03-27 17:39:19', '50.11842185', '8.65544906', 34),
(6434, '2021-03-27 17:39:34', '50.11840142', '8.65545264', 34),
(6436, '2021-03-27 17:39:49', '50.11840438', '8.65547189', 34),
(6437, '2021-03-27 17:39:49', '50.11840438', '8.65547189', 34),
(6438, '2021-03-27 17:40:04', '50.11836487', '8.65541972', 34),
(6439, '2021-03-27 17:40:04', '50.11836487', '8.65541972', 34),
(6440, '2021-03-27 17:40:19', '50.11839304', '8.65533355', 34),
(6441, '2021-03-27 17:40:19', '50.11839304', '8.65533355', 34),
(6442, '2021-03-27 17:40:34', '50.11837252', '8.65541505', 34),
(6443, '2021-03-27 17:40:34', '50.11837252', '8.65541505', 34),
(6444, '2021-03-27 17:40:49', '50.1182893', '8.65545719', 34),
(6445, '2021-03-27 17:40:49', '50.1182893', '8.65545719', 34),
(6446, '2021-03-27 17:41:07', '50.1183615', '8.6554944', 34),
(6448, '2021-03-27 17:41:21', '50.11843838', '8.65548903', 34),
(6449, '2021-03-27 17:41:21', '50.11843838', '8.65548903', 34),
(6450, '2021-03-27 17:41:38', '50.11836747', '8.65539281', 34),
(6451, '2021-03-27 17:41:38', '50.11836747', '8.65539281', 34),
(6452, '2021-03-27 17:41:51', '50.11836314', '8.65533867', 34),
(6453, '2021-03-27 17:41:51', '50.11836314', '8.65533867', 34),
(6454, '2021-03-27 17:42:06', '50.1182985', '8.65518273', 34),
(6456, '2021-03-27 17:42:21', '50.11834248', '8.6553782', 34),
(6457, '2021-03-27 17:42:21', '50.11834248', '8.6553782', 34),
(6458, '2021-03-27 17:42:36', '50.1183968', '8.65578283', 34),
(6459, '2021-03-27 17:42:36', '50.1183968', '8.65578283', 34),
(6460, '2021-03-27 17:42:51', '50.11836501', '8.65570705', 34),
(6461, '2021-03-27 17:42:51', '50.11836501', '8.65570705', 34),
(6462, '2021-03-27 17:43:06', '50.11819487', '8.65539377', 34),
(6463, '2021-03-27 17:43:06', '50.11819487', '8.65539377', 34),
(6464, '2021-03-27 17:43:12', '50.11820751', '8.65535205', 34),
(6466, '2021-03-27 17:43:27', '50.11817342', '8.65513112', 34),
(6467, '2021-03-27 17:43:27', '50.11817342', '8.65513112', 34),
(6468, '2021-03-27 17:43:43', '50.11819737', '8.65500597', 34),
(6469, '2021-03-27 17:43:43', '50.11819737', '8.65500597', 34),
(6470, '2021-03-27 17:43:57', '50.11821069', '8.65504678', 34),
(6471, '2021-03-27 17:43:57', '50.11821069', '8.65504678', 34),
(6472, '2021-03-27 17:44:12', '50.11821524', '8.65509609', 34),
(6473, '2021-03-27 17:44:12', '50.11821524', '8.65509609', 34),
(6474, '2021-03-27 17:44:20', '50.11820359', '8.65508788', 34),
(6476, '2021-03-27 17:44:37', '50.11819669', '8.65502926', 34),
(6477, '2021-03-27 17:44:37', '50.11819669', '8.65502926', 34),
(6478, '2021-03-27 17:44:51', '50.11822166', '8.65510441', 34),
(6479, '2021-03-27 17:44:51', '50.11822166', '8.65510441', 34),
(6480, '2021-03-27 17:45:06', '50.11820552', '8.65522969', 34),
(6481, '2021-03-27 17:45:06', '50.11820552', '8.65522969', 34),
(6482, '2021-03-27 17:45:22', '50.11824362', '8.65520148', 34),
(6483, '2021-03-27 17:45:22', '50.11824362', '8.65520148', 34),
(6484, '2021-03-27 17:45:36', '50.11829116', '8.65528221', 34),
(6485, '2021-03-27 17:45:36', '50.11829116', '8.65528221', 34),
(6486, '2021-03-27 17:45:50', '50.11827571', '8.6552567', 34),
(6487, '2021-03-27 17:45:50', '50.11827571', '8.6552567', 34),
(6488, '2021-03-27 17:46:06', '50.11826742', '8.65526518', 34),
(6489, '2021-03-27 17:46:06', '50.11826742', '8.65526518', 34),
(6490, '2021-03-27 17:46:21', '50.11814721', '8.65494971', 34),
(6491, '2021-03-27 17:46:21', '50.11814721', '8.65494971', 34),
(6492, '2021-03-27 17:46:37', '50.11818693', '8.65498762', 34),
(6493, '2021-03-27 17:46:37', '50.11818693', '8.65498762', 34),
(6494, '2021-03-27 17:46:52', '50.11823746', '8.65503669', 34),
(6495, '2021-03-27 17:46:52', '50.11823746', '8.65503669', 34),
(6496, '2021-03-27 17:47:06', '50.11825199', '8.6550698', 34),
(6497, '2021-03-27 17:47:06', '50.11825199', '8.6550698', 34),
(6498, '2021-03-27 17:47:22', '50.11825654', '8.65527867', 34),
(6499, '2021-03-27 17:47:22', '50.11825654', '8.65527867', 34),
(6500, '2021-03-27 17:47:36', '50.11826511', '8.65528719', 34),
(6501, '2021-03-27 17:47:36', '50.11826511', '8.65528719', 34),
(6502, '2021-03-27 17:47:50', '50.11826513', '8.65524266', 34),
(6503, '2021-03-27 17:47:50', '50.11826513', '8.65524266', 34),
(6504, '2021-03-27 17:48:05', '50.11833086', '8.65538189', 34),
(6505, '2021-03-27 17:48:05', '50.11833086', '8.65538189', 34),
(6506, '2021-03-27 17:48:22', '50.11828592', '8.65530551', 34),
(6507, '2021-03-27 17:48:22', '50.11828592', '8.65530551', 34),
(6508, '2021-03-27 17:48:35', '50.11828463', '8.65528349', 34),
(6509, '2021-03-27 17:48:35', '50.11828463', '8.65528349', 34),
(6510, '2021-03-27 17:48:50', '50.11833724', '8.65533939', 34),
(6511, '2021-03-27 17:48:50', '50.11833724', '8.65533939', 34),
(6512, '2021-03-27 17:49:05', '50.11836254', '8.65540462', 34),
(6513, '2021-03-27 17:49:05', '50.11836254', '8.65540462', 34),
(6514, '2021-03-27 17:49:21', '50.11831747', '8.65531475', 34),
(6515, '2021-03-27 17:49:21', '50.11831747', '8.65531475', 34),
(6516, '2021-03-27 17:49:35', '50.11824043', '8.65515566', 34),
(6517, '2021-03-27 17:49:35', '50.11824043', '8.65515566', 34),
(6518, '2021-03-27 17:49:52', '50.11824279', '8.6554309', 34),
(6519, '2021-03-27 17:49:52', '50.11824279', '8.6554309', 34),
(6520, '2021-03-27 17:55:47', '50.11837626', '8.65562303', 34),
(6521, '2021-03-27 17:55:47', '50.11837626', '8.65562303', 34),
(6522, '2021-03-27 17:56:01', '50.11853995', '8.6557295', 34),
(6523, '2021-03-27 17:56:01', '50.11853995', '8.6557295', 34),
(6524, '2021-03-27 17:56:16', '50.11850265', '8.65580783', 34),
(6525, '2021-03-27 17:56:16', '50.11850265', '8.65580783', 34),
(6527, '2021-03-27 17:56:31', '50.1184752', '8.65578434', 34),
(6528, '2021-03-27 17:56:31', '50.1184752', '8.65578434', 34),
(6529, '2021-03-27 17:56:31', '50.1184752', '8.65578434', 34),
(6530, '2021-03-27 17:58:18', '50.11844759', '8.6559882', 34),
(6531, '2021-03-27 17:58:18', '50.11844759', '8.6559882', 34),
(6532, '2021-03-27 17:58:18', '50.11844759', '8.6559882', 34),
(6533, '2021-03-27 17:58:18', '50.11844759', '8.6559882', 34),
(6534, '2021-03-27 17:58:32', '50.11841591', '8.65573273', 34),
(6535, '2021-03-27 17:58:32', '50.11841591', '8.65573273', 34),
(6536, '2021-03-27 17:58:32', '50.11841591', '8.65573273', 34),
(6537, '2021-03-27 17:58:32', '50.11841591', '8.65573273', 34),
(6538, '2021-03-27 17:58:47', '50.1183919', '8.65575442', 34),
(6539, '2021-03-27 17:58:47', '50.1183919', '8.65575442', 34),
(6540, '2021-03-27 17:58:47', '50.1183919', '8.65575442', 34),
(6541, '2021-03-27 17:58:47', '50.1183919', '8.65575442', 34),
(6542, '2021-03-27 17:59:02', '50.11832801', '8.65552611', 34),
(6543, '2021-03-27 17:59:02', '50.11832801', '8.65552611', 34),
(6544, '2021-03-27 17:59:02', '50.11832801', '8.65552611', 34),
(6545, '2021-03-27 17:59:02', '50.11832801', '8.65552611', 34),
(6546, '2021-03-27 17:59:17', '50.11834245', '8.65548563', 34),
(6547, '2021-03-27 17:59:17', '50.11834245', '8.65548563', 34),
(6548, '2021-03-27 17:59:17', '50.11834245', '8.65548563', 34),
(6549, '2021-03-27 17:59:17', '50.11834245', '8.65548563', 34),
(6550, '2021-03-27 17:59:33', '50.11820371', '8.65519186', 34),
(6551, '2021-03-27 17:59:33', '50.11820371', '8.65519186', 34),
(6552, '2021-03-27 17:59:33', '50.11820371', '8.65519186', 34),
(6553, '2021-03-27 17:59:33', '50.11820371', '8.65519186', 34),
(6554, '2021-03-27 17:59:47', '50.11813612', '8.6549682', 34),
(6555, '2021-03-27 17:59:47', '50.11813612', '8.6549682', 34),
(6556, '2021-03-27 17:59:47', '50.11813612', '8.6549682', 34),
(6557, '2021-03-27 17:59:47', '50.11813612', '8.6549682', 34),
(6558, '2021-03-27 18:00:02', '50.11817775', '8.65513526', 34),
(6559, '2021-03-27 18:00:02', '50.11817775', '8.65513526', 34),
(6560, '2021-03-27 18:00:02', '50.11817775', '8.65513526', 34),
(6561, '2021-03-27 18:00:02', '50.11817775', '8.65513526', 34),
(6562, '2021-03-27 18:00:17', '50.11820888', '8.655158', 34),
(6563, '2021-03-27 18:00:17', '50.11820888', '8.655158', 34),
(6564, '2021-03-27 18:00:17', '50.11820888', '8.655158', 34),
(6565, '2021-03-27 18:00:17', '50.11820888', '8.655158', 34),
(6566, '2021-03-27 18:00:32', '50.1182056', '8.65517086', 34),
(6567, '2021-03-27 18:00:32', '50.1182056', '8.65517086', 34),
(6568, '2021-03-27 18:00:32', '50.1182056', '8.65517086', 34),
(6569, '2021-03-27 18:00:32', '50.1182056', '8.65517086', 34),
(6570, '2021-03-27 18:00:47', '50.11820114', '8.65516181', 34),
(6571, '2021-03-27 18:00:47', '50.11820114', '8.65516181', 34),
(6572, '2021-03-27 18:00:47', '50.11820114', '8.65516181', 34),
(6573, '2021-03-27 18:00:47', '50.11820114', '8.65516181', 34),
(6574, '2021-03-27 18:01:02', '50.11821673', '8.65518993', 34),
(6575, '2021-03-27 18:01:02', '50.11821673', '8.65518993', 34),
(6576, '2021-03-27 18:01:02', '50.11821673', '8.65518993', 34),
(6577, '2021-03-27 18:01:02', '50.11821673', '8.65518993', 34),
(6578, '2021-03-27 18:01:17', '50.11822887', '8.65522377', 34),
(6579, '2021-03-27 18:01:17', '50.11822887', '8.65522377', 34),
(6580, '2021-03-27 18:01:17', '50.11822887', '8.65522377', 34),
(6581, '2021-03-27 18:01:17', '50.11822887', '8.65522377', 34),
(6582, '2021-03-27 18:01:23', '50.11823052', '8.65524282', 34),
(6583, '2021-03-27 18:01:38', '50.11823362', '8.65526788', 34),
(6584, '2021-03-27 18:01:53', '50.11824329', '8.65529907', 34),
(6585, '2021-03-27 18:02:08', '50.11826173', '8.65534859', 34),
(6586, '2021-03-27 18:02:23', '50.11827601', '8.65538856', 34),
(6587, '2021-03-27 18:02:38', '50.11827863', '8.65538678', 34),
(6588, '2021-03-27 18:02:53', '50.11828506', '8.65539806', 34),
(6589, '2021-03-27 18:03:09', '50.11828497', '8.65539922', 34),
(6590, '2021-03-27 18:03:23', '50.11828345', '8.65538981', 34),
(6591, '2021-03-27 18:03:38', '50.11829974', '8.65542997', 34),
(6592, '2021-03-27 18:03:53', '50.11830968', '8.65545975', 34),
(6593, '2021-03-27 18:04:08', '50.11831063', '8.65546204', 34),
(6594, '2021-03-27 18:04:23', '50.11831346', '8.65547391', 34),
(6595, '2021-03-27 18:04:38', '50.11831494', '8.65547504', 34),
(6596, '2021-03-27 18:04:53', '50.11835483', '8.65573271', 34),
(6597, '2021-03-27 18:05:08', '50.11832902', '8.65556192', 34),
(6598, '2021-03-27 18:05:23', '50.11833281', '8.6555259', 34),
(6599, '2021-03-27 18:05:33', '50.11835524', '8.65558812', 34),
(6600, '2021-03-27 18:06:12', '50.1183201', '8.65551756', 34),
(6601, '2021-03-27 18:06:26', '50.11822337', '8.65534655', 34),
(6602, '2021-03-27 18:06:41', '50.11827508', '8.65540176', 34),
(6603, '2021-03-27 18:06:52', '50.11827721', '8.65541558', 34),
(6604, '2021-03-27 18:07:08', '50.1183608', '8.65561855', 34),
(6605, '2021-03-27 18:07:23', '50.11838317', '8.65584404', 34),
(6606, '2021-03-27 18:07:37', '50.1186073', '8.65585518', 34),
(6607, '2021-03-27 18:07:52', '50.11852601', '8.65578867', 34),
(6608, '2021-03-27 18:08:07', '50.11851582', '8.65578285', 34),
(6609, '2021-03-27 18:08:22', '50.11846722', '8.65571133', 34),
(6610, '2021-03-27 18:08:38', '50.11848198', '8.65568014', 34),
(6611, '2021-03-27 18:08:49', '50.1184745', '8.65567354', 34),
(6612, '2021-03-27 18:08:59', '50.11846881', '8.65568538', 34),
(6613, '2021-03-27 18:09:05', '50.11846455', '8.65568873', 34),
(6614, '2021-03-27 18:09:41', '50.11845731', '8.65568211', 34),
(6615, '2021-03-27 18:09:56', '50.11838639', '8.65570033', 34),
(6616, '2021-03-27 18:10:11', '50.11833884', '8.65573028', 34),
(6617, '2021-03-27 21:07:41', '50.11849752', '8.65552628', 34),
(6619, '2021-03-27 21:07:54', '50.11852923', '8.65604275', 34),
(6620, '2021-03-27 21:07:54', '50.11852923', '8.65604275', 34),
(6621, '2021-03-27 21:08:29', '50.11832159', '8.6555288', 34),
(6622, '2021-03-27 21:08:29', '50.11832159', '8.6555288', 34),
(6624, '2021-03-27 21:08:43', '50.11846141', '8.65584448', 34),
(6625, '2021-03-27 21:08:43', '50.11846141', '8.65584448', 34),
(6626, '2021-03-27 21:08:43', '50.11846141', '8.65584448', 34),
(6627, '2021-03-27 21:08:58', '50.11843953', '8.65577663', 34),
(6628, '2021-03-27 21:08:58', '50.11843953', '8.65577663', 34),
(6629, '2021-03-27 21:08:58', '50.11843953', '8.65577663', 34),
(6630, '2021-03-27 21:08:58', '50.11843953', '8.65577663', 34),
(6631, '2021-03-27 21:08:58', '50.11843953', '8.65577663', 34),
(6633, '2021-03-27 21:09:12', '50.11841123', '8.65571332', 34),
(6634, '2021-03-27 21:09:12', '50.11841123', '8.65571332', 34),
(6635, '2021-03-27 21:09:12', '50.11841123', '8.65571332', 34),
(6636, '2021-03-27 21:09:12', '50.11841123', '8.65571332', 34),
(6637, '2021-03-27 21:09:12', '50.11841123', '8.65571332', 34),
(6638, '2021-03-27 21:09:28', '50.11840899', '8.65565416', 34),
(6639, '2021-03-27 21:09:28', '50.11840899', '8.65565416', 34),
(6640, '2021-03-27 21:09:28', '50.11840899', '8.65565416', 34),
(6641, '2021-03-27 21:09:28', '50.11840899', '8.65565416', 34),
(6642, '2021-03-27 21:09:28', '50.11840899', '8.65565416', 34),
(6643, '2021-03-27 21:09:37', '50.11841049', '8.65565444', 34),
(6644, '2021-03-27 21:09:52', '50.11839806', '8.65564413', 34),
(6645, '2021-03-27 21:10:07', '50.11839156', '8.65560764', 34),
(6646, '2021-03-27 21:10:21', '50.1183892', '8.65560786', 34),
(6647, '2021-03-27 21:10:37', '50.11838503', '8.65561342', 34),
(6649, '2021-03-27 21:10:52', '50.11837984', '8.65560949', 34),
(6650, '2021-03-27 21:10:52', '50.11837984', '8.65560949', 34),
(6651, '2021-03-27 21:11:07', '50.11838475', '8.65561515', 34),
(6652, '2021-03-27 21:11:07', '50.11838475', '8.65561515', 34),
(6654, '2021-03-27 21:11:22', '50.11838338', '8.65561456', 34),
(6655, '2021-03-27 21:11:22', '50.11838338', '8.65561456', 34),
(6656, '2021-03-27 21:11:22', '50.11838338', '8.65561456', 34),
(6657, '2021-03-27 21:13:18', '50.11846838', '8.6558616', 34),
(6658, '2021-03-27 21:13:32', '50.11833567', '8.65574046', 34),
(6660, '2021-03-27 21:13:32', '50.11833567', '8.65574046', 34),
(6661, '2021-03-27 21:13:47', '50.11835748', '8.65572444', 34),
(6662, '2021-03-27 21:13:47', '50.11835748', '8.65572444', 34),
(6663, '2021-03-27 21:14:02', '50.11833053', '8.65563896', 34),
(6664, '2021-03-27 21:14:02', '50.11833053', '8.65563896', 34),
(6665, '2021-03-27 21:14:02', '50.11833053', '8.65563896', 34),
(6667, '2021-03-27 21:14:17', '50.11833343', '8.65563588', 34),
(6668, '2021-03-27 21:14:17', '50.11833343', '8.65563588', 34),
(6669, '2021-03-27 21:14:17', '50.11833343', '8.65563588', 34),
(6670, '2021-03-27 21:14:40', '50.11834555', '8.65563596', 34),
(6671, '2021-03-27 21:14:40', '50.11834555', '8.65563596', 34),
(6672, '2021-03-27 21:14:40', '50.11834555', '8.65563596', 34),
(6674, '2021-03-27 21:14:55', '50.11835053', '8.65566057', 34),
(6675, '2021-03-27 21:14:55', '50.11835053', '8.65566057', 34),
(6676, '2021-03-27 21:14:55', '50.11835053', '8.65566057', 34),
(6677, '2021-03-27 21:14:55', '50.11835053', '8.65566057', 34),
(6678, '2021-03-27 21:15:10', '50.1183516', '8.65566696', 34),
(6679, '2021-03-27 21:15:10', '50.1183516', '8.65566696', 34),
(6680, '2021-03-27 21:15:10', '50.1183516', '8.65566696', 34),
(6681, '2021-03-27 21:15:10', '50.1183516', '8.65566696', 34),
(6682, '2021-03-27 21:16:55', '50.11845185', '8.65560319', 34),
(6684, '2021-03-27 21:17:10', '50.11836376', '8.65557596', 34),
(6685, '2021-03-27 21:17:10', '50.11836376', '8.65557596', 34),
(6686, '2021-03-27 21:17:25', '50.1184009', '8.6556122', 34),
(6687, '2021-03-27 21:17:25', '50.1184009', '8.6556122', 34),
(6689, '2021-03-27 21:17:39', '50.11840019', '8.65559868', 34),
(6690, '2021-03-27 21:17:39', '50.11840019', '8.65559868', 34),
(6691, '2021-03-27 21:17:39', '50.11840019', '8.65559868', 34),
(6693, '2021-03-27 21:17:54', '50.11840067', '8.65560818', 34),
(6694, '2021-03-27 21:17:54', '50.11840067', '8.65560818', 34),
(6695, '2021-03-27 21:17:54', '50.11840067', '8.65560818', 34),
(6696, '2021-03-27 21:17:54', '50.11840067', '8.65560818', 34),
(6697, '2021-03-27 21:18:10', '50.1183975', '8.65562953', 34),
(6698, '2021-03-27 21:18:10', '50.1183975', '8.65562953', 34),
(6699, '2021-03-27 21:18:10', '50.1183975', '8.65562953', 34),
(6700, '2021-03-27 21:18:10', '50.1183975', '8.65562953', 34),
(6701, '2021-03-27 21:23:01', '50.11848355', '8.65580783', 34),
(6703, '2021-03-27 21:23:15', '50.11846628', '8.65574831', 34),
(6704, '2021-03-27 21:23:15', '50.11846628', '8.65574831', 34),
(6705, '2021-03-27 21:23:29', '50.11845196', '8.65574203', 34),
(6706, '2021-03-27 21:23:29', '50.11845196', '8.65574203', 34),
(6707, '2021-03-27 21:23:46', '50.11847977', '8.65577628', 34),
(6708, '2021-03-27 21:23:46', '50.11847977', '8.65577628', 34),
(6709, '2021-03-27 21:24:00', '50.11847748', '8.65575643', 34),
(6710, '2021-03-27 21:24:00', '50.11847748', '8.65575643', 34),
(6711, '2021-03-27 21:24:15', '50.11849199', '8.65578596', 34),
(6712, '2021-03-27 21:24:15', '50.11849199', '8.65578596', 34),
(6713, '2021-03-27 21:24:32', '50.11849437', '8.65576862', 34),
(6715, '2021-03-27 21:24:47', '50.11851735', '8.6558062', 34),
(6716, '2021-03-27 21:24:47', '50.11851735', '8.6558062', 34),
(6717, '2021-03-27 21:25:02', '50.11851965', '8.65578896', 34),
(6718, '2021-03-27 21:25:02', '50.11851965', '8.65578896', 34),
(6720, '2021-03-27 21:25:17', '50.11850475', '8.65575975', 34),
(6721, '2021-03-27 21:25:17', '50.11850475', '8.65575975', 34),
(6722, '2021-03-27 21:25:17', '50.11850475', '8.65575975', 34),
(6724, '2021-03-27 21:25:32', '50.11849421', '8.65574567', 34),
(6725, '2021-03-27 21:25:32', '50.11849421', '8.65574567', 34),
(6726, '2021-03-27 21:25:32', '50.11849421', '8.65574567', 34),
(6727, '2021-03-27 21:25:32', '50.11849421', '8.65574567', 34),
(6728, '2021-03-27 21:25:47', '50.11848224', '8.65572436', 34),
(6729, '2021-03-27 21:25:47', '50.11848224', '8.65572436', 34),
(6730, '2021-03-27 21:25:47', '50.11848224', '8.65572436', 34),
(6731, '2021-03-27 21:25:47', '50.11848224', '8.65572436', 34),
(6732, '2021-03-27 21:26:02', '50.11848405', '8.65572226', 34),
(6733, '2021-03-27 21:26:02', '50.11848405', '8.65572226', 34),
(6734, '2021-03-27 21:26:02', '50.11848405', '8.65572226', 34),
(6735, '2021-03-27 21:26:02', '50.11848405', '8.65572226', 34),
(6736, '2021-03-27 21:26:17', '50.11848836', '8.65572211', 34),
(6737, '2021-03-27 21:26:17', '50.11848836', '8.65572211', 34),
(6738, '2021-03-27 21:26:17', '50.11848836', '8.65572211', 34),
(6739, '2021-03-27 21:26:17', '50.11848836', '8.65572211', 34),
(6740, '2021-03-27 21:26:32', '50.11848982', '8.65573608', 34),
(6741, '2021-03-27 21:26:32', '50.11848982', '8.65573608', 34),
(6742, '2021-03-27 21:26:32', '50.11848982', '8.65573608', 34),
(6743, '2021-03-27 21:26:32', '50.11848982', '8.65573608', 34),
(6744, '2021-03-27 21:26:47', '50.11848233', '8.65573201', 34),
(6745, '2021-03-27 21:26:47', '50.11848233', '8.65573201', 34),
(6746, '2021-03-27 21:26:47', '50.11848233', '8.65573201', 34),
(6747, '2021-03-27 21:26:47', '50.11848233', '8.65573201', 34),
(6748, '2021-03-27 21:27:02', '50.1184745', '8.65572414', 34),
(6749, '2021-03-27 21:27:02', '50.1184745', '8.65572414', 34),
(6750, '2021-03-27 21:27:02', '50.1184745', '8.65572414', 34),
(6751, '2021-03-27 21:27:02', '50.1184745', '8.65572414', 34),
(6752, '2021-03-27 21:27:18', '50.11847101', '8.65571864', 34),
(6753, '2021-03-27 21:27:18', '50.11847101', '8.65571864', 34),
(6754, '2021-03-27 21:27:18', '50.11847101', '8.65571864', 34),
(6755, '2021-03-27 21:27:18', '50.11847101', '8.65571864', 34),
(6756, '2021-03-27 21:27:32', '50.11846194', '8.65570863', 34),
(6757, '2021-03-27 21:27:32', '50.11846194', '8.65570863', 34),
(6758, '2021-03-27 21:27:32', '50.11846194', '8.65570863', 34),
(6759, '2021-03-27 21:27:32', '50.11846194', '8.65570863', 34),
(6760, '2021-03-27 21:27:47', '50.11847374', '8.65571833', 34),
(6761, '2021-03-27 21:27:47', '50.11847374', '8.65571833', 34),
(6762, '2021-03-27 21:27:47', '50.11847374', '8.65571833', 34),
(6763, '2021-03-27 21:27:47', '50.11847374', '8.65571833', 34),
(6764, '2021-03-27 21:28:02', '50.11846799', '8.65570786', 34),
(6765, '2021-03-27 21:28:02', '50.11846799', '8.65570786', 34),
(6766, '2021-03-27 21:28:02', '50.11846799', '8.65570786', 34),
(6767, '2021-03-27 21:28:02', '50.11846799', '8.65570786', 34),
(6768, '2021-03-27 21:28:17', '50.11847405', '8.65571656', 34),
(6769, '2021-03-27 21:28:17', '50.11847405', '8.65571656', 34),
(6770, '2021-03-27 21:28:17', '50.11847405', '8.65571656', 34),
(6771, '2021-03-27 21:28:17', '50.11847405', '8.65571656', 34),
(6772, '2021-03-27 21:28:33', '50.11847066', '8.65570622', 34),
(6773, '2021-03-27 21:28:33', '50.11847066', '8.65570622', 34),
(6774, '2021-03-27 21:28:33', '50.11847066', '8.65570622', 34),
(6775, '2021-03-27 21:28:33', '50.11847066', '8.65570622', 34),
(6776, '2021-03-27 21:28:47', '50.11847274', '8.65570318', 34),
(6777, '2021-03-27 21:28:47', '50.11847274', '8.65570318', 34),
(6778, '2021-03-27 21:28:47', '50.11847274', '8.65570318', 34),
(6779, '2021-03-27 21:28:47', '50.11847274', '8.65570318', 34),
(6780, '2021-03-27 21:29:02', '50.11846926', '8.65569857', 34),
(6781, '2021-03-27 21:29:02', '50.11846926', '8.65569857', 34),
(6782, '2021-03-27 21:29:02', '50.11846926', '8.65569857', 34),
(6783, '2021-03-27 21:29:02', '50.11846926', '8.65569857', 34),
(6784, '2021-03-27 21:29:18', '50.11847184', '8.65570593', 34),
(6785, '2021-03-27 21:29:18', '50.11847184', '8.65570593', 34),
(6786, '2021-03-27 21:29:18', '50.11847184', '8.65570593', 34),
(6787, '2021-03-27 21:29:18', '50.11847184', '8.65570593', 34),
(6788, '2021-03-27 21:29:33', '50.1184735', '8.65570708', 34),
(6789, '2021-03-27 21:29:33', '50.1184735', '8.65570708', 34),
(6790, '2021-03-27 21:29:33', '50.1184735', '8.65570708', 34),
(6791, '2021-03-27 21:29:33', '50.1184735', '8.65570708', 34),
(6792, '2021-03-27 21:29:47', '50.11847406', '8.65571217', 34),
(6793, '2021-03-27 21:29:47', '50.11847406', '8.65571217', 34),
(6794, '2021-03-27 21:29:47', '50.11847406', '8.65571217', 34),
(6795, '2021-03-27 21:29:47', '50.11847406', '8.65571217', 34),
(6796, '2021-03-27 21:30:02', '50.11847287', '8.655713', 34),
(6797, '2021-03-27 21:30:02', '50.11847287', '8.655713', 34),
(6798, '2021-03-27 21:30:02', '50.11847287', '8.655713', 34),
(6799, '2021-03-27 21:30:02', '50.11847287', '8.655713', 34),
(6800, '2021-03-27 21:30:18', '50.11847166', '8.65571213', 34),
(6801, '2021-03-27 21:30:18', '50.11847166', '8.65571213', 34),
(6802, '2021-03-27 21:30:18', '50.11847166', '8.65571213', 34),
(6803, '2021-03-27 21:30:18', '50.11847166', '8.65571213', 34),
(6804, '2021-03-27 21:30:32', '50.11846917', '8.65570998', 34),
(6805, '2021-03-27 21:30:32', '50.11846917', '8.65570998', 34),
(6806, '2021-03-27 21:30:32', '50.11846917', '8.65570998', 34),
(6807, '2021-03-27 21:30:32', '50.11846917', '8.65570998', 34),
(6808, '2021-03-27 21:30:47', '50.11846973', '8.65571368', 34),
(6809, '2021-03-27 21:30:47', '50.11846973', '8.65571368', 34),
(6810, '2021-03-27 21:30:47', '50.11846973', '8.65571368', 34),
(6811, '2021-03-27 21:30:47', '50.11846973', '8.65571368', 34),
(6812, '2021-03-27 21:31:02', '50.11846869', '8.65571234', 34),
(6813, '2021-03-27 21:31:02', '50.11846869', '8.65571234', 34),
(6814, '2021-03-27 21:31:02', '50.11846869', '8.65571234', 34),
(6815, '2021-03-27 21:31:02', '50.11846869', '8.65571234', 34),
(6816, '2021-03-27 21:31:17', '50.11846818', '8.65571377', 34),
(6817, '2021-03-27 21:31:17', '50.11846818', '8.65571377', 34),
(6818, '2021-03-27 21:31:17', '50.11846818', '8.65571377', 34),
(6819, '2021-03-27 21:31:17', '50.11846818', '8.65571377', 34),
(6820, '2021-03-27 21:31:32', '50.11846676', '8.65571305', 34),
(6821, '2021-03-27 21:31:32', '50.11846676', '8.65571305', 34),
(6822, '2021-03-27 21:31:32', '50.11846676', '8.65571305', 34),
(6823, '2021-03-27 21:31:32', '50.11846676', '8.65571305', 34),
(6824, '2021-03-27 21:31:47', '50.1184661', '8.65571409', 34),
(6825, '2021-03-27 21:31:47', '50.1184661', '8.65571409', 34),
(6826, '2021-03-27 21:31:47', '50.1184661', '8.65571409', 34),
(6827, '2021-03-27 21:31:47', '50.1184661', '8.65571409', 34),
(6828, '2021-03-27 21:32:02', '50.11846542', '8.65571414', 34),
(6829, '2021-03-27 21:32:02', '50.11846542', '8.65571414', 34),
(6830, '2021-03-27 21:32:02', '50.11846542', '8.65571414', 34),
(6831, '2021-03-27 21:32:02', '50.11846542', '8.65571414', 34),
(6832, '2021-03-27 21:32:17', '50.11846572', '8.65571624', 34),
(6833, '2021-03-27 21:32:17', '50.11846572', '8.65571624', 34),
(6834, '2021-03-27 21:32:17', '50.11846572', '8.65571624', 34),
(6835, '2021-03-27 21:32:17', '50.11846572', '8.65571624', 34),
(6836, '2021-03-27 21:32:32', '50.1184653', '8.65571775', 34),
(6837, '2021-03-27 21:32:32', '50.1184653', '8.65571775', 34),
(6838, '2021-03-27 21:32:32', '50.1184653', '8.65571775', 34),
(6839, '2021-03-27 21:32:32', '50.1184653', '8.65571775', 34),
(6840, '2021-03-27 21:32:47', '50.11846458', '8.65571897', 34),
(6841, '2021-03-27 21:32:47', '50.11846458', '8.65571897', 34),
(6842, '2021-03-27 21:32:47', '50.11846458', '8.65571897', 34),
(6843, '2021-03-27 21:32:47', '50.11846458', '8.65571897', 34),
(6844, '2021-03-27 21:33:02', '50.1184619', '8.65571772', 34),
(6845, '2021-03-27 21:33:02', '50.1184619', '8.65571772', 34),
(6846, '2021-03-27 21:33:02', '50.1184619', '8.65571772', 34),
(6847, '2021-03-27 21:33:02', '50.1184619', '8.65571772', 34),
(6848, '2021-03-27 21:33:18', '50.11846169', '8.65571723', 34),
(6849, '2021-03-27 21:33:18', '50.11846169', '8.65571723', 34),
(6850, '2021-03-27 21:33:18', '50.11846169', '8.65571723', 34),
(6851, '2021-03-27 21:33:18', '50.11846169', '8.65571723', 34),
(6852, '2021-03-27 21:33:33', '50.1184614', '8.65571823', 34),
(6853, '2021-03-27 21:33:33', '50.1184614', '8.65571823', 34),
(6854, '2021-03-27 21:33:33', '50.1184614', '8.65571823', 34),
(6855, '2021-03-27 21:33:33', '50.1184614', '8.65571823', 34),
(6856, '2021-03-27 21:33:48', '50.11846101', '8.65571888', 34),
(6857, '2021-03-27 21:33:48', '50.11846101', '8.65571888', 34),
(6858, '2021-03-27 21:33:48', '50.11846101', '8.65571888', 34),
(6859, '2021-03-27 21:33:48', '50.11846101', '8.65571888', 34),
(6860, '2021-03-27 21:34:02', '50.11845981', '8.65571956', 34),
(6861, '2021-03-27 21:34:02', '50.11845981', '8.65571956', 34),
(6862, '2021-03-27 21:34:02', '50.11845981', '8.65571956', 34),
(6863, '2021-03-27 21:34:02', '50.11845981', '8.65571956', 34),
(6864, '2021-03-27 21:34:17', '50.11845951', '8.65571958', 34),
(6865, '2021-03-27 21:34:17', '50.11845951', '8.65571958', 34),
(6866, '2021-03-27 21:34:17', '50.11845951', '8.65571958', 34),
(6867, '2021-03-27 21:34:17', '50.11845951', '8.65571958', 34),
(6868, '2021-03-27 21:34:32', '50.11845931', '8.6557195', 34),
(6869, '2021-03-27 21:34:32', '50.11845931', '8.6557195', 34),
(6870, '2021-03-27 21:34:32', '50.11845931', '8.6557195', 34),
(6871, '2021-03-27 21:34:32', '50.11845931', '8.6557195', 34),
(6872, '2021-03-27 21:34:48', '50.11845955', '8.65571923', 34),
(6873, '2021-03-27 21:34:48', '50.11845955', '8.65571923', 34),
(6874, '2021-03-27 21:34:48', '50.11845955', '8.65571923', 34),
(6875, '2021-03-27 21:34:48', '50.11845955', '8.65571923', 34),
(6876, '2021-03-27 21:34:58', '50.11845915', '8.65572143', 34),
(6878, '2021-03-27 21:35:13', '50.11846031', '8.65572599', 34),
(6879, '2021-03-27 21:35:13', '50.11846031', '8.65572599', 34),
(6880, '2021-03-27 21:35:23', '50.11846057', '8.65572709', 34),
(6881, '2021-03-27 21:35:39', '50.11846', '8.65572794', 34),
(6882, '2021-03-27 21:35:53', '50.11845971', '8.65572786', 34),
(6883, '2021-03-27 21:36:08', '50.1184595', '8.6557281', 34),
(6884, '2021-03-27 21:36:20', '50.11845897', '8.65572814', 34),
(6886, '2021-03-27 21:36:35', '50.11845886', '8.655729', 34),
(6887, '2021-03-27 21:36:35', '50.11845886', '8.655729', 34),
(6888, '2021-03-27 21:36:50', '50.11845838', '8.65572918', 34),
(6889, '2021-03-27 21:36:50', '50.11845838', '8.65572918', 34),
(6890, '2021-03-27 21:37:05', '50.11845797', '8.65573042', 34),
(6891, '2021-03-27 21:37:05', '50.11845797', '8.65573042', 34),
(6893, '2021-03-27 21:37:20', '50.11827355', '8.65580297', 34),
(6894, '2021-03-27 21:37:20', '50.11827355', '8.65580297', 34),
(6895, '2021-03-27 21:37:20', '50.11827355', '8.65580297', 34),
(6896, '2021-03-27 21:37:35', '50.11829711', '8.65585311', 34),
(6897, '2021-03-27 21:37:35', '50.11829711', '8.65585311', 34),
(6898, '2021-03-27 21:37:35', '50.11829711', '8.65585311', 34),
(6899, '2021-03-27 21:38:05', '50.11829257', '8.65575422', 34),
(6900, '2021-03-27 21:38:05', '50.11829257', '8.65575422', 34),
(6901, '2021-03-27 21:38:05', '50.11829257', '8.65575422', 34),
(6903, '2021-03-27 21:38:18', '50.11832387', '8.65583003', 34),
(6904, '2021-03-27 21:38:18', '50.11832387', '8.65583003', 34),
(6905, '2021-03-27 21:38:18', '50.11832387', '8.65583003', 34),
(6906, '2021-03-27 21:38:18', '50.11832387', '8.65583003', 34),
(6907, '2021-03-27 21:38:33', '50.11840214', '8.65583498', 34),
(6908, '2021-03-27 21:38:33', '50.11840214', '8.65583498', 34),
(6909, '2021-03-27 21:38:33', '50.11840214', '8.65583498', 34),
(6910, '2021-03-27 21:38:33', '50.11840214', '8.65583498', 34),
(6911, '2021-03-27 21:38:59', '50.11844968', '8.65584729', 34),
(6912, '2021-03-27 21:38:59', '50.11844968', '8.65584729', 34),
(6913, '2021-03-27 21:38:59', '50.11844968', '8.65584729', 34),
(6914, '2021-03-27 21:38:59', '50.11844968', '8.65584729', 34),
(6916, '2021-03-27 21:39:13', '50.11845815', '8.65586566', 34),
(6917, '2021-03-27 21:39:13', '50.11845815', '8.65586566', 34),
(6918, '2021-03-27 21:39:13', '50.11845815', '8.65586566', 34),
(6919, '2021-03-27 21:39:13', '50.11845815', '8.65586566', 34),
(6920, '2021-03-27 21:39:13', '50.11845815', '8.65586566', 34),
(6921, '2021-03-27 21:39:28', '50.11843332', '8.65583535', 34),
(6922, '2021-03-27 21:39:28', '50.11843332', '8.65583535', 34);
INSERT INTO `location` (`id`, `created_date`, `lat`, `lon`, `user_id`) VALUES
(6923, '2021-03-27 21:39:28', '50.11843332', '8.65583535', 34),
(6924, '2021-03-27 21:39:28', '50.11843332', '8.65583535', 34),
(6925, '2021-03-27 21:39:28', '50.11843332', '8.65583535', 34),
(6926, '2021-03-27 21:42:43', '50.11845572', '8.65582643', 34),
(6927, '2021-03-27 21:42:43', '50.11845572', '8.65582643', 34),
(6928, '2021-03-27 21:42:43', '50.11845572', '8.65582643', 34),
(6929, '2021-03-27 21:42:43', '50.11845572', '8.65582643', 34),
(6930, '2021-03-27 21:42:43', '50.11845572', '8.65582643', 34),
(6931, '2021-03-27 21:42:57', '50.11831034', '8.65604691', 34),
(6932, '2021-03-27 21:42:57', '50.11831034', '8.65604691', 34),
(6933, '2021-03-27 21:42:57', '50.11831034', '8.65604691', 34),
(6934, '2021-03-27 21:42:57', '50.11831034', '8.65604691', 34),
(6935, '2021-03-27 21:42:57', '50.11831034', '8.65604691', 34),
(6936, '2021-03-27 21:53:15', '50.1183542', '8.65572528', 34),
(6937, '2021-03-27 21:53:30', '50.11833529', '8.65572501', 34),
(6938, '2021-03-27 21:53:45', '50.11833642', '8.65573469', 34),
(6939, '2021-03-27 21:53:58', '50.11835262', '8.65573134', 34),
(6940, '2021-03-27 21:54:13', '50.11838945', '8.65577373', 34),
(6941, '2021-03-27 21:54:29', '50.1183611', '8.65572417', 34),
(6942, '2021-03-27 21:54:43', '50.11837022', '8.65572648', 34),
(6943, '2021-03-27 21:54:58', '50.11838736', '8.65575584', 34),
(6944, '2021-03-27 21:55:13', '50.11839038', '8.65577792', 34),
(6945, '2021-03-27 21:55:28', '50.11841553', '8.65582819', 34),
(6946, '2021-03-27 21:55:43', '50.11841049', '8.6558313', 34),
(6947, '2021-03-27 21:55:58', '50.11840762', '8.65582523', 34),
(6948, '2021-03-27 21:56:13', '50.11839885', '8.65581334', 34),
(6949, '2021-03-27 21:56:29', '50.11842065', '8.6558524', 34),
(6950, '2021-03-27 21:56:44', '50.11841968', '8.65585846', 34),
(6951, '2021-03-27 21:56:58', '50.11841277', '8.65584517', 34),
(6952, '2021-03-27 21:57:14', '50.11841171', '8.65583288', 34),
(6953, '2021-03-27 21:57:29', '50.11841871', '8.65583914', 34),
(6954, '2021-03-27 21:57:43', '50.11841837', '8.65584381', 34),
(6955, '2021-03-27 21:57:59', '50.11842674', '8.65585685', 34),
(6956, '2021-03-27 21:58:13', '50.11842233', '8.65585206', 34),
(6957, '2021-03-27 21:58:28', '50.11841974', '8.65584586', 34),
(6958, '2021-03-27 21:58:43', '50.11841189', '8.65584098', 34),
(6959, '2021-03-27 21:58:58', '50.1184143', '8.65584505', 34),
(6960, '2021-03-27 21:59:13', '50.11840574', '8.65582987', 34),
(6961, '2021-03-27 21:59:28', '50.11839986', '8.65582015', 34),
(6962, '2021-03-27 21:59:43', '50.11839985', '8.65582145', 34),
(6963, '2021-03-27 21:59:58', '50.11840354', '8.65581211', 34),
(6964, '2021-03-27 22:00:14', '50.11840461', '8.65580674', 34),
(6965, '2021-03-27 22:00:28', '50.11840338', '8.65580608', 34),
(6966, '2021-03-27 22:00:43', '50.11840028', '8.65580399', 34),
(6967, '2021-03-27 22:00:59', '50.11839898', '8.65580382', 34),
(6968, '2021-03-27 22:01:13', '50.11839575', '8.655799', 34),
(6969, '2021-03-27 22:01:33', '50.11839953', '8.65580116', 34),
(6970, '2021-03-27 22:07:37', '50.1182239', '8.65554661', 34),
(6971, '2021-03-27 22:07:52', '50.11827629', '8.65565621', 34),
(6972, '2021-03-27 22:08:07', '50.11833217', '8.65571588', 34),
(6973, '2021-03-27 22:08:22', '50.1183206', '8.65573219', 34),
(6974, '2021-03-27 22:08:37', '50.11830843', '8.65572121', 34),
(6975, '2021-03-27 22:15:24', '50.11832586', '8.65555482', 34),
(6976, '2021-03-27 22:15:40', '50.11831905', '8.65579714', 34),
(6977, '2021-03-27 22:16:41', '50.11842322', '8.65579026', 34),
(6978, '2021-03-27 22:16:55', '50.11841622', '8.65576742', 34),
(6979, '2021-03-27 22:17:10', '50.11838629', '8.65575265', 34),
(6980, '2021-03-27 22:18:01', '50.11838326', '8.65575883', 34),
(6981, '2021-03-27 22:18:14', '50.11836315', '8.65574229', 34),
(6982, '2021-03-27 22:24:08', '50.11826342', '8.65571887', 34),
(6983, '2021-03-27 22:24:22', '50.11830082', '8.65566919', 34),
(6984, '2021-03-27 22:24:36', '50.11831129', '8.65564941', 34),
(6986, '2021-03-27 22:24:51', '50.11834193', '8.65565784', 34),
(6987, '2021-03-27 22:24:51', '50.11834193', '8.65565784', 34),
(6988, '2021-03-27 22:25:35', '50.11835365', '8.65569752', 34),
(6989, '2021-03-27 22:25:35', '50.11835365', '8.65569752', 34),
(6990, '2021-03-27 22:25:49', '50.1183606', '8.65571202', 34),
(6991, '2021-03-27 22:25:49', '50.1183606', '8.65571202', 34),
(6992, '2021-03-27 22:26:12', '50.11836565', '8.65572293', 34),
(6993, '2021-03-27 22:26:19', '50.11837142', '8.65573246', 34),
(6994, '2021-03-27 22:26:34', '50.11842984', '8.65565978', 34),
(6995, '2021-03-27 22:26:49', '50.11839994', '8.65567292', 34),
(6996, '2021-03-27 22:27:04', '50.11843281', '8.65569165', 34),
(6997, '2021-03-27 22:32:39', '50.11835824', '8.65578133', 34),
(6999, '2021-03-27 22:32:53', '50.11826847', '8.65543693', 34),
(7000, '2021-03-27 22:32:53', '50.11826847', '8.65543693', 34),
(7001, '2021-03-27 22:33:08', '50.11827828', '8.65543403', 34),
(7002, '2021-03-27 22:33:08', '50.11827828', '8.65543403', 34),
(7003, '2021-03-27 22:33:23', '50.1182861', '8.65550023', 34),
(7004, '2021-03-27 22:33:23', '50.1182861', '8.65550023', 34),
(7006, '2021-03-27 22:33:37', '50.11828396', '8.65550146', 34),
(7007, '2021-03-27 22:33:37', '50.11828396', '8.65550146', 34),
(7008, '2021-03-27 22:33:37', '50.11828396', '8.65550146', 34),
(7009, '2021-03-27 22:33:53', '50.11828877', '8.65552696', 34),
(7010, '2021-03-27 22:33:53', '50.11828877', '8.65552696', 34),
(7011, '2021-03-27 22:33:53', '50.11828877', '8.65552696', 34),
(7012, '2021-04-02 14:45:52', '37.421998333333335', '-122.084', 34),
(7013, '2021-04-02 21:52:45', '50.11796319', '8.65533398', 34),
(7014, '2021-04-02 22:01:50', '50.11809813', '8.65563765', 34),
(7015, '2021-04-02 22:01:50', '50.11809813', '8.65563765', 34),
(7016, '2021-04-02 22:02:05', '50.11807912', '8.65562174', 34),
(7017, '2021-04-02 22:02:05', '50.11807912', '8.65562174', 34),
(7018, '2021-04-02 22:02:20', '50.11757107', '8.65555749', 34),
(7019, '2021-04-02 22:02:20', '50.11757107', '8.65555749', 34),
(7020, '2021-04-02 22:02:36', '50.11791313', '8.65530214', 34),
(7021, '2021-04-02 22:02:36', '50.11791313', '8.65530214', 34),
(7022, '2021-04-02 22:10:23', '50.11806019', '8.65521422', 34),
(7023, '2021-04-02 22:10:36', '50.11802777', '8.65565505', 34),
(7024, '2021-04-02 22:10:36', '50.11802777', '8.65565505', 34),
(7025, '2021-04-02 22:10:36', '50.11802777', '8.65565505', 34),
(7026, '2021-04-02 22:10:36', '50.11802777', '8.65565505', 34),
(7027, '2021-04-02 22:10:36', '50.11802777', '8.65565505', 34),
(7028, '2021-04-02 22:10:59', '50.11812197', '8.655546', 34),
(7029, '2021-04-02 22:10:59', '50.11812197', '8.655546', 34),
(7030, '2021-04-02 22:10:59', '50.11812197', '8.655546', 34),
(7031, '2021-04-02 22:10:59', '50.11812197', '8.655546', 34),
(7032, '2021-04-02 22:10:59', '50.11812197', '8.655546', 34),
(7033, '2021-04-02 22:10:59', '50.11812197', '8.655546', 34),
(7034, '2021-04-02 22:17:28', '50.11831395', '8.65593704', 34),
(7035, '2021-04-02 22:17:28', '50.11831395', '8.65593704', 34),
(7036, '2021-04-02 22:17:57', '50.11830512', '8.6559029', 34),
(7037, '2021-04-02 22:17:57', '50.11830512', '8.6559029', 34),
(7038, '2021-04-02 22:19:15', '50.11829523', '8.65580177', 34),
(7039, '2021-04-02 22:19:26', '50.11829442', '8.65578887', 34),
(7040, '2021-04-02 22:19:34', '50.11835665', '8.65581722', 34),
(7041, '2021-04-02 22:19:49', '50.11841962', '8.65582955', 34),
(7042, '2021-04-02 22:19:49', '50.11841962', '8.65582955', 34),
(7043, '2021-04-02 22:19:49', '50.11841962', '8.65582955', 34),
(7044, '2021-04-02 23:47:59', '37.421998333333335', '-122.084', 1),
(7045, '2021-04-02 23:51:28', '37.421998333333335', '-122.084', 34),
(7046, '2021-04-03 00:03:49', '50.1162536', '8.6545679', 2),
(7047, '2021-04-03 00:03:53', '50.1185063', '8.6536323', 1),
(7048, '2021-04-03 00:08:15', '50.11844261', '8.65567783', 34),
(7049, '2021-04-03 00:08:29', '50.11849084', '8.65582157', 34),
(7050, '2021-04-03 00:08:44', '50.11848146', '8.65579772', 34),
(7051, '2021-04-03 00:08:58', '50.11850847', '8.65584873', 34),
(7052, '2021-04-03 00:09:13', '50.1184907', '8.65582986', 34),
(7053, '2021-04-03 00:09:28', '50.1184844', '8.65582507', 34),
(7054, '2021-04-03 00:09:43', '50.11848416', '8.65582531', 34),
(7055, '2021-04-03 00:10:00', '50.11847774', '8.65579301', 34),
(7056, '2021-04-03 00:11:51', '50.11828444', '8.65603314', 34),
(7057, '2021-04-03 00:12:54', '50.11835603', '8.65569942', 34),
(7058, '2021-04-03 00:13:08', '50.1183486', '8.65573436', 34),
(7059, '2021-04-03 00:13:22', '50.11833168', '8.65569235', 34),
(7060, '2021-04-03 00:13:38', '50.11829652', '8.65555947', 34),
(7061, '2021-04-03 00:13:52', '50.11834333', '8.65557035', 34),
(7062, '2021-04-03 00:14:07', '50.11835444', '8.65557024', 34),
(7063, '2021-04-03 00:14:22', '50.11835215', '8.65556718', 34),
(7064, '2021-04-03 00:14:37', '50.11835496', '8.65554922', 34),
(7065, '2021-04-03 00:14:53', '50.11836376', '8.65555723', 34),
(7066, '2021-04-03 00:15:08', '50.11836666', '8.65554963', 34),
(7067, '2021-04-03 00:15:22', '50.11836698', '8.65554277', 34),
(7068, '2021-04-03 00:15:37', '50.11836421', '8.65553743', 34),
(7069, '2021-04-03 00:15:52', '50.11836255', '8.65552798', 34),
(7070, '2021-04-03 00:16:07', '50.11836184', '8.6555282', 34),
(7071, '2021-04-03 00:16:23', '50.11837939', '8.65554819', 34),
(7072, '2021-04-03 00:16:37', '50.11838145', '8.65553972', 34),
(7073, '2021-04-03 00:16:52', '50.11839028', '8.65553663', 34),
(7074, '2021-04-03 00:17:07', '50.11838924', '8.65553625', 34),
(7075, '2021-04-03 00:17:22', '50.11839192', '8.65552746', 34),
(7076, '2021-04-03 00:17:37', '50.11839135', '8.65553961', 34),
(7077, '2021-04-03 00:17:52', '50.11839625', '8.65554939', 34),
(7078, '2021-04-03 00:18:08', '50.11840064', '8.655555', 34),
(7079, '2021-04-03 00:18:22', '50.11839915', '8.65555421', 34),
(7080, '2021-04-03 00:18:37', '50.11840201', '8.65555787', 34),
(7081, '2021-04-03 00:18:52', '50.11840122', '8.65556489', 34),
(7082, '2021-04-03 00:19:08', '50.11839879', '8.65557102', 34),
(7083, '2021-04-03 00:19:23', '50.11840196', '8.65558361', 34),
(7084, '2021-04-03 00:19:38', '50.11840367', '8.65559076', 34),
(7085, '2021-04-03 00:19:52', '50.11840809', '8.65559825', 34),
(7086, '2021-04-03 00:20:07', '50.1184068', '8.6555979', 34),
(7088, '2021-04-03 00:20:22', '50.11840842', '8.65560411', 34),
(7089, '2021-04-03 00:20:22', '50.11840842', '8.65560411', 34),
(7090, '2021-04-03 00:20:50', '50.11840893', '8.65560828', 34),
(7091, '2021-04-03 00:20:50', '50.11840893', '8.65560828', 34),
(7092, '2021-04-03 00:20:55', '50.11840892', '8.65560825', 34),
(7093, '2021-04-03 00:20:55', '50.11840892', '8.65560825', 34),
(7094, '2021-04-03 00:21:21', '50.11840985', '8.65561158', 34),
(7095, '2021-04-03 00:21:21', '50.11840985', '8.65561158', 34),
(7096, '2021-04-03 00:21:41', '50.11841048', '8.65561368', 34),
(7097, '2021-04-03 00:21:41', '50.11841048', '8.65561368', 34),
(7098, '2021-04-03 00:22:05', '50.11841083', '8.65561404', 34),
(7099, '2021-04-03 00:22:05', '50.11841083', '8.65561404', 34),
(7100, '2021-04-03 00:22:14', '37.421998333333335', '-122.084', 2),
(7101, '2021-04-03 00:22:16', '50.11841082', '8.65561404', 34),
(7102, '2021-04-03 00:22:16', '50.11841082', '8.65561404', 34),
(7103, '2021-04-03 00:22:39', '50.11841066', '8.65561392', 34),
(7104, '2021-04-03 00:22:39', '50.11841066', '8.65561392', 34),
(7105, '2021-04-03 00:22:50', '50.11841068', '8.65561403', 34),
(7106, '2021-04-03 00:22:50', '50.11841068', '8.65561403', 34),
(7107, '2021-04-03 00:23:08', '50.11841085', '8.65561446', 34),
(7108, '2021-04-03 00:23:08', '50.11841085', '8.65561446', 34),
(7109, '2021-04-03 00:23:16', '50.11841087', '8.65561452', 34),
(7110, '2021-04-03 00:23:16', '50.11841087', '8.65561452', 34),
(7111, '2021-04-03 00:23:39', '50.11841113', '8.65561472', 34),
(7112, '2021-04-03 00:23:39', '50.11841113', '8.65561472', 34),
(7113, '2021-04-03 00:23:57', '50.11840353', '8.65560894', 34),
(7114, '2021-04-03 00:23:57', '50.11840353', '8.65560894', 34),
(7115, '2021-04-03 00:24:12', '50.11839829', '8.65560472', 34),
(7116, '2021-04-03 00:24:12', '50.11839829', '8.65560472', 34),
(7117, '2021-04-03 00:24:27', '50.11839855', '8.65560883', 34),
(7118, '2021-04-03 00:24:27', '50.11839855', '8.65560883', 34),
(7119, '2021-04-03 00:24:42', '50.11839677', '8.65560893', 34),
(7120, '2021-04-03 00:24:42', '50.11839677', '8.65560893', 34),
(7121, '2021-04-03 00:24:52', '50.11839677', '8.65561225', 34),
(7123, '2021-04-03 00:25:07', '50.11839598', '8.65561187', 34),
(7124, '2021-04-03 00:25:07', '50.11839598', '8.65561187', 34),
(7125, '2021-04-03 00:25:38', '50.11839561', '8.65561167', 34),
(7126, '2021-04-03 00:25:38', '50.11839561', '8.65561167', 34),
(7127, '2021-04-03 00:25:57', '50.1183956', '8.65561168', 34),
(7128, '2021-04-03 00:25:57', '50.1183956', '8.65561168', 34),
(7129, '2021-04-03 00:26:15', '50.11839561', '8.65561173', 34),
(7130, '2021-04-03 00:26:15', '50.11839561', '8.65561173', 34),
(7131, '2021-04-03 00:26:21', '50.11839563', '8.65561177', 34),
(7132, '2021-04-03 00:26:21', '50.11839563', '8.65561177', 34),
(7133, '2021-04-03 00:26:35', '50.11839703', '8.6556146', 34),
(7134, '2021-04-03 00:26:35', '50.11839703', '8.6556146', 34),
(7135, '2021-04-03 00:26:50', '50.11839668', '8.65561338', 34),
(7136, '2021-04-03 00:26:50', '50.11839668', '8.65561338', 34),
(7137, '2021-04-03 00:27:04', '50.11839599', '8.65561312', 34),
(7138, '2021-04-03 00:27:04', '50.11839599', '8.65561312', 34),
(7139, '2021-04-03 00:27:20', '50.11839616', '8.65561297', 34),
(7140, '2021-04-03 00:27:20', '50.11839616', '8.65561297', 34),
(7141, '2021-04-03 00:27:34', '50.11839581', '8.65561316', 34),
(7142, '2021-04-03 00:27:34', '50.11839581', '8.65561316', 34),
(7143, '2021-04-03 00:27:48', '50.11839539', '8.65561617', 34),
(7144, '2021-04-03 00:27:48', '50.11839539', '8.65561617', 34),
(7145, '2021-04-03 00:27:56', '50.11839507', '8.65561753', 34),
(7147, '2021-04-03 00:28:11', '50.11839501', '8.65561852', 34),
(7148, '2021-04-03 00:28:11', '50.11839501', '8.65561852', 34),
(7149, '2021-04-03 00:28:29', '50.11839422', '8.65561693', 34),
(7150, '2021-04-03 00:28:29', '50.11839422', '8.65561693', 34),
(7151, '2021-04-03 00:28:45', '50.11839454', '8.65561767', 34),
(7152, '2021-04-03 00:28:45', '50.11839454', '8.65561767', 34),
(7153, '2021-04-03 00:29:00', '50.11839481', '8.65561823', 34),
(7154, '2021-04-03 00:29:00', '50.11839481', '8.65561823', 34),
(7155, '2021-04-03 00:29:16', '50.1183945', '8.65561797', 34),
(7156, '2021-04-03 00:29:16', '50.1183945', '8.65561797', 34),
(7157, '2021-04-03 00:30:18', '50.11839657', '8.65562263', 34),
(7159, '2021-04-03 00:30:31', '50.11839999', '8.6556239', 34),
(7160, '2021-04-03 00:30:31', '50.11839999', '8.6556239', 34),
(7161, '2021-04-03 00:30:53', '50.11840001', '8.65562395', 34),
(7162, '2021-04-03 00:30:53', '50.11840001', '8.65562395', 34),
(7163, '2021-04-03 00:31:07', '50.11839888', '8.65562186', 34),
(7164, '2021-04-03 00:31:07', '50.11839888', '8.65562186', 34),
(7165, '2021-04-03 00:31:19', '50.11839875', '8.65562189', 34),
(7166, '2021-04-03 00:31:19', '50.11839875', '8.65562189', 34),
(7167, '2021-04-03 00:31:38', '50.11840205', '8.65562716', 34),
(7168, '2021-04-03 00:31:38', '50.11840205', '8.65562716', 34),
(7169, '2021-04-03 00:31:52', '50.11840267', '8.65562802', 34),
(7170, '2021-04-03 00:31:52', '50.11840267', '8.65562802', 34),
(7171, '2021-04-03 00:32:18', '50.1184055', '8.65563572', 34),
(7172, '2021-04-03 00:32:18', '50.1184055', '8.65563572', 34),
(7173, '2021-04-03 00:32:33', '50.11840389', '8.65562915', 34),
(7174, '2021-04-03 00:32:33', '50.11840389', '8.65562915', 34),
(7175, '2021-04-03 00:32:54', '50.11840572', '8.65563297', 34),
(7177, '2021-04-03 00:33:09', '50.11840623', '8.65563366', 34),
(7178, '2021-04-03 00:33:09', '50.11840623', '8.65563366', 34),
(7179, '2021-04-03 00:33:23', '50.11840402', '8.65563469', 34),
(7180, '2021-04-03 00:33:23', '50.11840402', '8.65563469', 34),
(7181, '2021-04-03 00:33:42', '50.11840386', '8.6556365', 34),
(7182, '2021-04-03 00:33:42', '50.11840386', '8.6556365', 34),
(7183, '2021-04-03 00:45:53', '50.11814184', '8.65542705', 34),
(7184, '2021-04-03 00:45:53', '50.11814184', '8.65542705', 34),
(7185, '2021-04-03 00:45:53', '50.11814184', '8.65542705', 34),
(7186, '2021-04-04 12:02:07', '37.421998333333335', '-122.084', 2),
(7187, '2021-04-04 12:02:26', '37.421998333333335', '-122.084', 1),
(7188, '2021-04-04 12:04:27', '37.421998333333335', '-122.084', 1),
(7189, '2021-04-07 15:28:59', '50.11820833333333', '8.655616666666667', 34),
(7190, '2021-04-07 15:30:04', '50.11839499999999', '8.655526666666667', 34),
(7191, '2021-04-07 15:30:04', '50.11839499999999', '8.655526666666667', 34),
(7192, '2021-04-07 15:30:18', '50.11827333333334', '8.655496666666666', 34),
(7193, '2021-04-07 15:30:18', '50.11827333333334', '8.655496666666666', 34),
(7194, '2021-04-07 15:30:33', '50.11826333333333', '8.655573333333333', 34),
(7195, '2021-04-07 15:30:33', '50.11826333333333', '8.655573333333333', 34),
(7196, '2021-04-07 15:30:48', '50.11834833333334', '8.655641666666666', 34),
(7197, '2021-04-07 15:30:48', '50.11834833333334', '8.655641666666666', 34),
(7198, '2021-04-07 15:31:03', '50.11833333333334', '8.655601666666666', 34),
(7199, '2021-04-07 15:31:03', '50.11833333333334', '8.655601666666666', 34),
(7200, '2021-04-07 15:31:34', '50.11861666666667', '8.655846666666667', 34),
(7201, '2021-04-07 15:31:49', '50.118653333333334', '8.6559', 34),
(7202, '2021-04-07 15:32:04', '50.11860333333334', '8.655881666666666', 34),
(7203, '2021-04-07 15:32:19', '50.118448333333326', '8.655773333333334', 34),
(7204, '2021-04-07 15:32:52', '50.11818333333334', '8.655406666666666', 34),
(7205, '2021-04-07 15:33:07', '50.11571166666666', '8.652296666666667', 34),
(7206, '2021-04-07 15:33:22', '50.117446666666666', '8.654201666666667', 34),
(7207, '2021-04-07 15:37:00', '50.117020000000004', '8.655283333333333', 34),
(7208, '2021-04-07 15:37:15', '50.11671666666666', '8.65475', 34),
(7209, '2021-04-07 15:37:31', '50.118195', '8.655328333333333', 34),
(7210, '2021-04-07 15:37:51', '50.117601666666665', '8.65537', 34),
(7211, '2021-04-07 15:38:06', '50.11841166666667', '8.655315', 34),
(7212, '2021-04-07 15:38:21', '50.11849666666667', '8.655466666666666', 34),
(7213, '2021-04-07 15:38:36', '50.118516666666665', '8.655585', 34),
(7214, '2021-04-07 15:39:01', '50.118383333333334', '8.655653333333333', 34),
(7215, '2021-04-07 15:39:16', '50.11839', '8.655598333333334', 34),
(7216, '2021-04-07 15:59:59', '50.11884333333334', '8.656443333333334', 34),
(7217, '2021-04-07 16:00:12', '50.11887', '8.656595000000001', 34),
(7218, '2021-04-07 16:00:27', '50.11881833333334', '8.65653', 34),
(7219, '2021-04-07 16:01:49', '50.11859666666666', '8.656048333333333', 34),
(7220, '2021-04-07 16:01:49', '50.11859666666666', '8.656048333333333', 34),
(7221, '2021-04-07 16:02:04', '50.11859', '8.656013333333334', 34),
(7222, '2021-04-07 16:02:04', '50.11859', '8.656013333333334', 34),
(7223, '2021-04-07 16:02:19', '50.11855833333334', '8.65594', 34),
(7224, '2021-04-07 16:02:19', '50.11855833333334', '8.65594', 34),
(7225, '2021-04-07 16:02:49', '50.11862666666666', '8.655878333333334', 34),
(7226, '2021-04-07 16:02:49', '50.11862666666666', '8.655878333333334', 34),
(7227, '2021-04-07 16:03:04', '50.11864666666667', '8.655861666666668', 34),
(7228, '2021-04-07 16:03:04', '50.11864666666667', '8.655861666666668', 34),
(7229, '2021-04-07 16:03:19', '50.11861833333334', '8.655821666666666', 34),
(7230, '2021-04-07 16:03:19', '50.11861833333334', '8.655821666666666', 34),
(7231, '2021-04-07 16:03:49', '50.11855666666667', '8.655823333333332', 34),
(7232, '2021-04-07 16:03:49', '50.11855666666667', '8.655823333333332', 34),
(7233, '2021-04-07 16:04:04', '50.11850833333333', '8.655821666666666', 34),
(7234, '2021-04-07 16:04:04', '50.11850833333333', '8.655821666666666', 34),
(7235, '2021-04-07 16:04:19', '50.11854666666667', '8.655783333333334', 34),
(7236, '2021-04-07 16:04:19', '50.11854666666667', '8.655783333333334', 34),
(7237, '2021-04-07 16:04:34', '50.11853333333333', '8.655776666666666', 34),
(7238, '2021-04-07 16:04:34', '50.11853333333333', '8.655776666666666', 34),
(7239, '2021-04-07 16:05:04', '50.118685000000006', '8.655858333333333', 34),
(7240, '2021-04-07 16:05:04', '50.118685000000006', '8.655858333333333', 34),
(7241, '2021-04-07 16:05:19', '50.11862166666666', '8.655901666666667', 34),
(7242, '2021-04-07 16:05:19', '50.11862166666666', '8.655901666666667', 34),
(7243, '2021-04-07 16:05:34', '50.11864166666666', '8.65615', 34),
(7244, '2021-04-07 16:05:34', '50.11864166666666', '8.65615', 34),
(7245, '2021-04-07 16:05:49', '50.11871166666666', '8.656188333333334', 34),
(7246, '2021-04-07 16:05:49', '50.11871166666666', '8.656188333333334', 34),
(7247, '2021-04-07 16:06:04', '50.11875', '8.656073333333334', 34),
(7248, '2021-04-07 16:06:04', '50.11875', '8.656073333333334', 34),
(7249, '2021-04-07 16:06:19', '50.11875166666667', '8.656048333333333', 34),
(7250, '2021-04-07 16:06:19', '50.11875166666667', '8.656048333333333', 34),
(7251, '2021-04-07 16:06:34', '50.11873833333334', '8.656103333333334', 34),
(7252, '2021-04-07 16:06:34', '50.11873833333334', '8.656103333333334', 34),
(7253, '2021-04-07 16:06:49', '50.11886833333333', '8.655938333333333', 34),
(7254, '2021-04-07 16:06:49', '50.11886833333333', '8.655938333333333', 34),
(7255, '2021-04-07 16:07:24', '50.11842', '8.655928333333332', 34),
(7256, '2021-04-07 16:07:39', '50.118495', '8.655930000000001', 34),
(7257, '2021-04-07 16:07:54', '50.11860333333334', '8.655965', 34),
(7258, '2021-04-07 16:08:09', '50.11862333333333', '8.655965', 34),
(7259, '2021-04-07 16:08:24', '50.11858166666666', '8.65585', 34),
(7260, '2021-04-07 16:08:39', '50.11848833333333', '8.655741666666668', 34),
(7261, '2021-04-07 16:08:54', '50.118413333333336', '8.655675', 34),
(7262, '2021-04-07 16:09:09', '50.118291666666664', '8.655648333333334', 34),
(7263, '2021-04-07 16:09:24', '50.11823', '8.655435', 34),
(7264, '2021-04-07 16:09:39', '50.11832666666666', '8.655521666666667', 34),
(7265, '2021-04-07 16:11:26', '50.11841833333333', '8.655683333333334', 34),
(7266, '2021-04-07 16:11:39', '50.11848', '8.655716666666667', 34),
(7267, '2021-04-07 16:11:54', '50.11854333333334', '8.655858333333333', 34),
(7268, '2021-04-07 16:12:09', '50.118565000000004', '8.655781666666666', 34),
(7269, '2021-04-07 16:13:04', '50.11854', '8.65581', 34),
(7270, '2021-04-07 16:13:52', '50.117718333333336', '8.655791666666666', 34),
(7271, '2021-04-07 16:14:06', '50.11829833333333', '8.655848333333333', 34),
(7272, '2021-04-07 16:14:21', '50.11834166666666', '8.655841666666667', 34),
(7273, '2021-04-07 16:14:36', '50.11841833333333', '8.655840000000001', 34),
(7274, '2021-04-07 16:14:51', '50.11839666666666', '8.655788333333334', 34),
(7275, '2021-04-07 16:15:06', '50.118345', '8.65572', 34),
(7276, '2021-04-07 16:15:21', '50.118325000000006', '8.655716666666667', 34),
(7277, '2021-04-07 16:15:51', '50.11839499999999', '8.655718333333335', 34),
(7278, '2021-04-07 16:16:06', '50.118403333333326', '8.655721666666667', 34),
(7279, '2021-04-07 16:16:21', '50.11848666666666', '8.655776666666666', 34),
(7280, '2021-04-07 16:16:59', '50.11855833333334', '8.656036666666667', 34),
(7281, '2021-04-07 16:17:14', '50.118525', '8.655703333333333', 34),
(7282, '2021-04-07 16:18:56', '50.11841833333333', '8.655731666666666', 34),
(7283, '2021-04-07 16:26:35', '50.118338333333334', '8.655553333333334', 34),
(7284, '2021-04-07 16:27:17', '50.11807', '8.655761666666667', 34),
(7285, '2021-04-07 16:27:31', '50.11830833333333', '8.655705000000001', 34),
(7286, '2021-04-07 16:27:46', '50.118469999999995', '8.655545', 34),
(7287, '2021-04-07 16:28:01', '50.11859833333333', '8.655571666666667', 34),
(7288, '2021-04-07 16:28:16', '50.11864166666666', '8.655556666666666', 34),
(7289, '2021-04-07 16:28:31', '50.11852999999999', '8.655566666666665', 34),
(7290, '2021-04-07 16:28:46', '50.1185', '8.655675', 34),
(7291, '2021-04-07 16:29:01', '50.118430000000004', '8.655685', 34),
(7292, '2021-04-07 16:29:16', '50.118313333333326', '8.655671666666667', 34),
(7293, '2021-04-07 16:29:31', '50.11834166666666', '8.655683333333334', 34),
(7294, '2021-04-07 16:30:01', '50.118445', '8.655693333333334', 34),
(7295, '2021-04-07 16:30:16', '50.11843666666667', '8.655673333333334', 34),
(7296, '2021-04-07 16:31:10', '50.11855166666666', '8.655686666666666', 34),
(7297, '2021-04-07 16:31:24', '50.118493333333326', '8.65563', 34),
(7298, '2021-04-07 16:31:39', '50.11840666666667', '8.655645', 34),
(7299, '2021-04-07 16:31:54', '50.11839166666667', '8.655623333333333', 34),
(7300, '2021-04-07 16:32:09', '50.11831833333334', '8.655553333333334', 34),
(7301, '2021-04-07 16:32:24', '50.118311666666656', '8.655563333333333', 34),
(7302, '2021-04-07 16:32:39', '50.11832833333333', '8.655608333333333', 34),
(7303, '2021-04-07 16:33:16', '50.11946666666666', '8.655611666666665', 34),
(7304, '2021-04-07 16:33:16', '50.11946666666666', '8.655611666666665', 34),
(7305, '2021-04-07 16:33:31', '50.11847666666666', '8.655675', 34),
(7306, '2021-04-07 16:33:31', '50.11847666666666', '8.655675', 34),
(7307, '2021-04-07 16:33:46', '50.11850666666666', '8.6557', 34),
(7308, '2021-04-07 16:33:46', '50.11850666666666', '8.6557', 34),
(7309, '2021-04-07 16:34:24', '50.11861999999999', '8.655908333333334', 34),
(7310, '2021-04-07 16:34:40', '50.11818333333334', '8.655664999999999', 34),
(7311, '2021-04-07 16:35:19', '50.11803333333334', '8.655441666666666', 34),
(7312, '2021-04-07 16:41:41', '50.11858833333334', '8.655761666666667', 34),
(7313, '2021-04-07 16:41:41', '50.11858833333334', '8.655761666666667', 34),
(7314, '2021-04-07 16:41:56', '50.118278333333336', '8.655721666666667', 34),
(7315, '2021-04-07 16:41:56', '50.118278333333336', '8.655721666666667', 34),
(7316, '2021-04-07 16:42:11', '50.11833166666667', '8.655695', 34),
(7317, '2021-04-07 16:42:11', '50.11833166666667', '8.655695', 34),
(7318, '2021-04-07 16:46:24', '50.11834666666667', '8.655561666666667', 34),
(7319, '2021-04-07 16:46:24', '50.11834666666667', '8.655561666666667', 34),
(7320, '2021-04-07 16:52:29', '50.11839333333334', '8.655736666666666', 34),
(7321, '2021-04-07 16:52:43', '50.11835166666666', '8.65573', 34),
(7322, '2021-04-07 16:52:58', '50.11839499999999', '8.655705000000001', 34),
(7323, '2021-04-07 16:53:13', '50.118455', '8.655696666666667', 34),
(7324, '2021-04-07 16:53:28', '50.118415000000006', '8.65573', 34),
(7325, '2021-04-07 16:53:43', '50.118295', '8.655653333333333', 34),
(7326, '2021-04-07 16:53:58', '50.11829833333333', '8.65563', 34),
(7327, '2021-04-07 16:54:13', '50.1184', '8.655735', 34),
(7328, '2021-04-07 16:55:51', '50.11832666666666', '8.655750000000001', 34),
(7329, '2021-04-07 16:56:04', '50.11830833333333', '8.655733333333334', 34),
(7330, '2021-04-07 16:56:19', '50.118368333333336', '8.65574', 34),
(7331, '2021-04-07 16:56:34', '50.11828833333334', '8.655718333333335', 34),
(7332, '2021-04-07 16:56:49', '50.118195', '8.65581', 34),
(7333, '2021-04-07 16:57:04', '50.11800166666667', '8.655833333333334', 34),
(7334, '2021-04-07 16:57:19', '50.118019999999994', '8.655821666666666', 34),
(7335, '2021-04-07 17:00:10', '50.118195', '8.655769999999999', 34),
(7336, '2021-04-07 17:00:10', '50.118195', '8.655769999999999', 34),
(7337, '2021-04-07 17:00:25', '50.11822166666668', '8.655746666666666', 34),
(7338, '2021-04-07 17:00:25', '50.11822166666668', '8.655746666666666', 34),
(7339, '2021-04-07 17:00:43', '50.118111666666664', '8.655801666666667', 34),
(7340, '2021-04-07 17:00:43', '50.118111666666664', '8.655801666666667', 34),
(7341, '2021-04-07 17:00:58', '50.11825', '8.655771666666668', 34),
(7342, '2021-04-07 17:00:58', '50.11825', '8.655771666666668', 34),
(7343, '2021-04-07 17:01:13', '50.11828666666667', '8.655785', 34),
(7344, '2021-04-07 17:01:13', '50.11828666666667', '8.655785', 34),
(7345, '2021-04-07 17:01:28', '50.118255', '8.655736666666666', 34),
(7346, '2021-04-07 17:01:28', '50.118255', '8.655736666666666', 34),
(7347, '2021-04-07 17:01:43', '50.118381666666664', '8.655706666666667', 34),
(7348, '2021-04-07 17:01:43', '50.118381666666664', '8.655706666666667', 34),
(7349, '2021-04-07 17:01:58', '50.11845', '8.655795000000001', 34),
(7350, '2021-04-07 17:01:58', '50.11845', '8.655795000000001', 34),
(7351, '2021-04-07 17:02:13', '50.11843166666666', '8.655783333333334', 34),
(7352, '2021-04-07 17:02:13', '50.11843166666666', '8.655783333333334', 34),
(7353, '2021-04-07 17:02:13', '50.11843166666666', '8.655783333333334', 34),
(7354, '2021-04-07 17:02:28', '50.11850333333334', '8.655683333333334', 34),
(7355, '2021-04-07 17:02:28', '50.11850333333334', '8.655683333333334', 34),
(7356, '2021-04-07 17:02:28', '50.11850333333334', '8.655683333333334', 34),
(7357, '2021-04-07 17:02:43', '50.118538333333326', '8.655678333333332', 34),
(7358, '2021-04-07 17:02:43', '50.118538333333326', '8.655678333333332', 34),
(7359, '2021-04-07 17:02:43', '50.118538333333326', '8.655678333333332', 34),
(7360, '2021-04-07 17:02:58', '50.118545', '8.655745', 34),
(7361, '2021-04-07 17:02:58', '50.118545', '8.655745', 34),
(7362, '2021-04-07 17:02:58', '50.118545', '8.655745', 34),
(7363, '2021-04-07 17:03:13', '50.11855833333334', '8.655848333333333', 34),
(7364, '2021-04-07 17:03:13', '50.11855833333334', '8.655848333333333', 34),
(7365, '2021-04-07 17:03:13', '50.11855833333334', '8.655848333333333', 34),
(7366, '2021-04-07 17:03:28', '50.11855833333334', '8.655856666666667', 34),
(7367, '2021-04-07 17:03:28', '50.11855833333334', '8.655856666666667', 34),
(7368, '2021-04-07 17:03:28', '50.11855833333334', '8.655856666666667', 34),
(7369, '2021-04-07 17:04:20', '50.118313333333326', '8.655718333333335', 34),
(7370, '2021-04-07 17:04:20', '50.118313333333326', '8.655718333333335', 34),
(7371, '2021-04-07 17:04:34', '50.11835333333333', '8.65578', 34),
(7372, '2021-04-07 17:04:34', '50.11835333333333', '8.65578', 34),
(7373, '2021-04-07 17:04:49', '50.11832666666666', '8.655746666666666', 34),
(7374, '2021-04-07 17:04:49', '50.11832666666666', '8.655746666666666', 34),
(7375, '2021-04-07 17:05:04', '50.118313333333326', '8.655676666666666', 34),
(7376, '2021-04-07 17:05:04', '50.118313333333326', '8.655676666666666', 34),
(7377, '2021-04-07 17:05:19', '50.118285', '8.655636666666668', 34),
(7378, '2021-04-07 17:05:19', '50.118285', '8.655636666666668', 34),
(7379, '2021-04-07 17:05:34', '50.11831833333334', '8.65572', 34),
(7380, '2021-04-07 17:05:34', '50.11831833333334', '8.65572', 34),
(7381, '2021-04-07 17:05:49', '50.11831833333334', '8.655713333333333', 34),
(7382, '2021-04-07 17:05:49', '50.11831833333334', '8.655713333333333', 34),
(7383, '2021-04-07 17:06:04', '50.11833166666667', '8.655724999999999', 34),
(7384, '2021-04-07 17:06:04', '50.11833166666667', '8.655724999999999', 34),
(7385, '2021-04-07 17:06:19', '50.11841666666666', '8.655623333333333', 34),
(7386, '2021-04-07 17:06:19', '50.11841666666666', '8.655623333333333', 34),
(7387, '2021-04-07 17:06:52', '50.11842333333334', '8.655746666666666', 34),
(7388, '2021-04-07 17:07:07', '50.11835166666666', '8.655679999999998', 34),
(7389, '2021-04-07 17:07:22', '50.11836166666667', '8.655683333333334', 34),
(7390, '2021-04-07 17:07:52', '50.118375', '8.655679999999998', 34),
(7391, '2021-04-07 17:08:07', '50.11837166666666', '8.655653333333333', 34),
(7392, '2021-04-07 17:08:22', '50.11841666666666', '8.655671666666667', 34),
(7393, '2021-04-07 17:08:37', '50.11841666666666', '8.655753333333333', 34),
(7394, '2021-04-07 17:08:52', '50.11842333333334', '8.655825', 34),
(7395, '2021-04-07 17:09:07', '50.118430000000004', '8.655814999999999', 34),
(7396, '2021-04-07 17:09:22', '50.118430000000004', '8.655778333333334', 34),
(7397, '2021-04-07 17:09:37', '50.118625', '8.655788333333334', 34),
(7398, '2021-04-07 17:09:52', '50.11862333333333', '8.655769999999999', 34),
(7399, '2021-04-07 17:10:07', '50.1185', '8.655726666666668', 34),
(7400, '2021-04-07 17:10:22', '50.11849', '8.65572', 34),
(7401, '2021-04-07 17:10:37', '50.11842333333334', '8.655735', 34),
(7402, '2021-04-07 17:10:52', '50.11860333333334', '8.655693333333334', 34),
(7403, '2021-04-07 17:11:07', '50.118475000000004', '8.655679999999998', 34),
(7404, '2021-04-07 17:11:22', '50.11839499999999', '8.655708333333333', 34),
(7405, '2021-04-07 17:11:37', '50.11850333333334', '8.655783333333334', 34),
(7406, '2021-04-07 17:11:52', '50.118525', '8.655783333333334', 34),
(7407, '2021-04-07 17:12:07', '50.11852333333333', '8.655726666666668', 34),
(7408, '2021-04-07 17:12:22', '50.11839666666666', '8.655661666666667', 34),
(7409, '2021-04-07 17:12:37', '50.118405', '8.655691666666666', 34),
(7410, '2021-04-07 17:12:52', '50.118415000000006', '8.655679999999998', 34),
(7411, '2021-04-07 17:13:07', '50.11847833333333', '8.655724999999999', 34),
(7412, '2021-04-07 17:13:22', '50.11853166666666', '8.65572', 34),
(7413, '2021-04-07 17:13:37', '50.11840166666666', '8.6557', 34),
(7414, '2021-04-07 17:13:52', '50.1184', '8.65572', 34),
(7415, '2021-04-07 17:14:34', '50.11845166666667', '8.65572', 34),
(7416, '2021-04-07 17:14:49', '50.11836666666667', '8.655761666666667', 34),
(7417, '2021-04-07 17:15:04', '50.11836333333334', '8.655646666666666', 34),
(7418, '2021-04-07 17:15:19', '50.11843666666667', '8.655636666666668', 34),
(7419, '2021-04-07 17:15:34', '50.118405', '8.65571', 34),
(7420, '2021-04-07 17:15:49', '50.118430000000004', '8.655793333333333', 34),
(7421, '2021-04-07 17:16:04', '50.118475000000004', '8.655728333333334', 34),
(7422, '2021-04-07 17:16:19', '50.11848666666666', '8.655695', 34),
(7423, '2021-04-07 17:16:34', '50.118475000000004', '8.655731666666666', 34),
(7424, '2021-04-07 17:16:49', '50.11839333333334', '8.655746666666666', 34),
(7425, '2021-04-07 17:17:04', '50.11841833333333', '8.65574', 34),
(7426, '2021-04-07 17:17:19', '50.118405', '8.655771666666668', 34),
(7427, '2021-04-07 17:17:34', '50.11839', '8.655621666666667', 34),
(7428, '2021-04-07 17:17:49', '50.11853666666666', '8.655759999999999', 34),
(7429, '2021-04-07 17:17:49', '50.11853666666666', '8.655759999999999', 34),
(7431, '2021-04-07 17:18:04', '50.11858166666666', '8.655743333333334', 34),
(7432, '2021-04-07 17:18:04', '50.11858166666666', '8.655743333333334', 34),
(7433, '2021-04-07 17:18:04', '50.11858166666666', '8.655743333333334', 34),
(7434, '2021-04-07 17:18:19', '50.118585', '8.655804999999999', 34),
(7435, '2021-04-07 17:18:19', '50.118585', '8.655804999999999', 34),
(7436, '2021-04-07 17:18:19', '50.118585', '8.655804999999999', 34),
(7437, '2021-04-07 17:19:02', '50.11857833333333', '8.655511666666666', 34),
(7438, '2021-04-07 17:19:16', '50.11866833333333', '8.655546666666668', 34),
(7439, '2021-04-07 17:19:31', '50.118604999999995', '8.655656666666665', 34),
(7440, '2021-04-07 17:19:46', '50.118563333333334', '8.655758333333333', 34),
(7441, '2021-04-07 17:20:01', '50.118538333333326', '8.655763333333335', 34),
(7442, '2021-04-07 17:20:44', '50.11858166666666', '8.655733333333334', 34),
(7443, '2021-04-07 17:20:59', '50.11860166666667', '8.655765', 34),
(7444, '2021-04-07 17:21:14', '50.11854833333334', '8.655741666666668', 34),
(7445, '2021-04-07 17:21:29', '50.11861999999999', '8.655683333333334', 34),
(7446, '2021-04-07 17:21:44', '50.118675', '8.655706666666667', 34),
(7447, '2021-04-07 17:21:59', '50.11866166666667', '8.655736666666666', 34),
(7448, '2021-04-07 17:22:14', '50.11857166666667', '8.655825', 34),
(7449, '2021-04-07 17:22:29', '50.11857499999999', '8.655763333333335', 34),
(7450, '2021-04-07 17:22:44', '50.11839499999999', '8.655693333333334', 34),
(7451, '2021-04-07 17:22:59', '50.118325000000006', '8.655723333333333', 34),
(7452, '2021-04-07 17:23:14', '50.11831833333334', '8.655724999999999', 34),
(7453, '2021-04-07 17:23:29', '50.11839666666666', '8.655801666666667', 34),
(7454, '2021-04-07 17:23:44', '50.11841166666667', '8.655840000000001', 34),
(7455, '2021-04-07 17:24:14', '50.118368333333336', '8.655773333333334', 34),
(7456, '2021-04-07 17:24:29', '50.118291666666664', '8.655658333333333', 34),
(7457, '2021-04-07 17:25:14', '50.118428333333334', '8.655583333333334', 34),
(7458, '2021-04-07 17:25:44', '50.11839333333334', '8.655508333333334', 34);

-- --------------------------------------------------------

--
-- Table structure for table `user`
--

CREATE TABLE `user` (
  `id` bigint(20) NOT NULL,
  `mobileno` varchar(255) DEFAULT NULL,
  `name` varchar(255) DEFAULT NULL,
  `email` varchar(255) DEFAULT NULL,
  `password` varchar(255) DEFAULT NULL
) ENGINE=InnoDB DEFAULT CHARSET=utf8mb4;

--
-- Dumping data for table `user`
--

INSERT INTO `user` (`id`, `mobileno`, `name`, `email`, `password`) VALUES
(1, '123123', 'Emulator 1', 'test@gmail.com', '$2a$10$QvJlmlPGDhhunmSGsvsU7.l6reCKV0KQijqSG3UJeoqDVH0f1zJsW'),
(2, '4444333', 'Emulator 2', 'test1@gmail.com', '$2a$10$QvJlmlPGDhhunmSGsvsU7.l6reCKV0KQijqSG3UJeoqDVH0f1zJsW'),
(24, '123', 'sehrish', 'sehrish@gmail.com', '$2a$10$p.t8bY52p/Ia1eR2.Ooh1e/NmX0RnRAy/HRWTSlzvp5PgjNOUBk2S'),
(26, '1122', 'eqe', 'wqew', '$2a$10$R5PbXGBMYOA9/RkLBGzZUOA8sgLJ10pJBIerzNDwjcfw3QHznSF4i'),
(27, '1234', 'wwe', 'www', '$2a$10$.hh59zZAtey2GAfOwBHAoOX5JH2FfPSSMMuC5P4jgQibc6FSt6aVi'),
(30, '321', 'imran', 'imran123', '$2a$10$QvJlmlPGDhhunmSGsvsU7.l6reCKV0KQijqSG3UJeoqDVH0f1zJsW'),
(34, '123456789', 'test Mobile', 'test@gmail.com', '$2a$10$QvJlmlPGDhhunmSGsvsU7.l6reCKV0KQijqSG3UJeoqDVH0f1zJsW');

-- --------------------------------------------------------

--
-- Table structure for table `user_family_contact`
--

CREATE TABLE `user_family_contact` (
  `id` bigint(20) NOT NULL,
  `mobileno` varchar(255) DEFAULT NULL
) ENGINE=InnoDB DEFAULT CHARSET=utf8mb4;

--
-- Dumping data for table `user_family_contact`
--

INSERT INTO `user_family_contact` (`id`, `mobileno`) VALUES
(597, '+491793459129'),
(603, '+49123456789'),
(604, '+498765432'),
(606, '123123123213'),
(607, '123123123213'),
(608, '123123123213'),
(609, '123123123213'),
(610, '123123123213'),
(612, 'ssss'),
(613, ''),
(614, ''),
(615, 'sdsdsd'),
(616, 'sdsdsd'),
(617, '2222'),
(618, '666666666'),
(619, '666666'),
(623, '+491793477312'),
(626, '+491793459129'),
(692, ''),
(694, '01793477312'),
(743, '+491793477312'),
(758, '+491793459129'),
(1960, '01793459129'),
(3058, ''),
(3059, '+491793477312');

-- --------------------------------------------------------

--
-- Table structure for table `user_user_family_contacts`
--

CREATE TABLE `user_user_family_contacts` (
  `user_id` bigint(20) NOT NULL,
  `user_family_contacts_id` bigint(20) NOT NULL
) ENGINE=InnoDB DEFAULT CHARSET=utf8mb4;

--
-- Dumping data for table `user_user_family_contacts`
--

INSERT INTO `user_user_family_contacts` (`user_id`, `user_family_contacts_id`) VALUES
(1, 597),
(1, 604),
(1, 608),
(2, 3059),
(24, 607),
(24, 613),
(24, 614),
(34, 626);

--
-- Indexes for dumped tables
--

--
-- Indexes for table `accident`
--
ALTER TABLE `accident`
  ADD PRIMARY KEY (`id`),
  ADD KEY `FKa3lv434kncyntw1powq3b2jew` (`hospital_id`),
  ADD KEY `FKbfexqgyxsevhqaksc3e1f4xbo` (`user_id`);

--
-- Indexes for table `hospital`
--
ALTER TABLE `hospital`
  ADD PRIMARY KEY (`id`);

--
-- Indexes for table `hospital_user`
--
ALTER TABLE `hospital_user`
  ADD PRIMARY KEY (`id`),
  ADD UNIQUE KEY `UK_ldw73ygms3oitvu96ilc5x72f` (`email`);

--
-- Indexes for table `location`
--
ALTER TABLE `location`
  ADD PRIMARY KEY (`id`);

--
-- Indexes for table `user`
--
ALTER TABLE `user`
  ADD PRIMARY KEY (`id`),
  ADD UNIQUE KEY `UK_8pf4k6u4cbdkkr68e1c237juf` (`mobileno`);

--
-- Indexes for table `user_family_contact`
--
ALTER TABLE `user_family_contact`
  ADD PRIMARY KEY (`id`);

--
-- Indexes for table `user_user_family_contacts`
--
ALTER TABLE `user_user_family_contacts`
  ADD UNIQUE KEY `UK_jmdjr9kdpj1737iwti40du96b` (`user_family_contacts_id`),
  ADD KEY `FKbb9od59nvsfv08l2ahlk3cgw0` (`user_id`);

--
-- Constraints for dumped tables
--

--
-- Constraints for table `accident`
--
ALTER TABLE `accident`
  ADD CONSTRAINT `FKa3lv434kncyntw1powq3b2jew` FOREIGN KEY (`hospital_id`) REFERENCES `hospital` (`id`),
  ADD CONSTRAINT `FKbfexqgyxsevhqaksc3e1f4xbo` FOREIGN KEY (`user_id`) REFERENCES `user` (`id`);

--
-- Constraints for table `user_user_family_contacts`
--
ALTER TABLE `user_user_family_contacts`
  ADD CONSTRAINT `FKbb9od59nvsfv08l2ahlk3cgw0` FOREIGN KEY (`user_id`) REFERENCES `user` (`id`),
  ADD CONSTRAINT `FKqsk5tfed05fgqbwtf9s8j1m0c` FOREIGN KEY (`user_family_contacts_id`) REFERENCES `user_family_contact` (`id`);
COMMIT;

/*!40101 SET CHARACTER_SET_CLIENT=@OLD_CHARACTER_SET_CLIENT */;
/*!40101 SET CHARACTER_SET_RESULTS=@OLD_CHARACTER_SET_RESULTS */;
/*!40101 SET COLLATION_CONNECTION=@OLD_COLLATION_CONNECTION */;
